"county_code","year","number_trees","trees_alive","species_richness","diameter","height","region"
1,1974,427,360,23,10.7700234192037,NA,"South Delta"
1,1984,315,288,25,8.97746031746032,60.8579545454545,"South Delta"
1,1991,559,508,29,11.3044722719141,65.9746835443038,"South Delta"
1,2001,102,91,21,11.5952941176471,57.2549019607843,"South Delta"
1,2002,10,10,3,5.5,32.4,"South Delta"
1,2003,237,209,21,7.96147679324894,45.4008438818565,"South Delta"
1,2004,83,60,10,10.2240963855422,52.8192771084337,"South Delta"
1,2005,138,85,19,7.33384057971015,43.3985507246377,"South Delta"
1,2008,65,65,3,10.7953846153846,66.4769230769231,"South Delta"
1,2009,38,29,12,11.6247368421053,65.4594594594595,"South Delta"
1,2010,102,86,13,6.91794117647059,42.7204301075269,"South Delta"
1,2011,31,26,10,10.1306451612903,52.8709677419355,"South Delta"
1,2012,265,209,17,8.81305660377359,52.328125,"South Delta"
1,2013,161,116,12,7.67906832298137,47.025,"South Delta"
1,2014,108,95,12,8.11098039215686,48.6372549019608,"South Delta"
1,2015,190,170,16,7.78778947368421,50.5315789473684,"South Delta"
1,2016,135,107,15,7.90807407407407,50.1333333333333,"South Delta"
1,2017,27,0,9,NA,NA,"South Delta"
1,2018,65,59,2,11.4458461538462,63.8153846153846,"South Delta"
1,2019,175,118,18,9.5093125,54.275,"South Delta"
1,2020,171,112,12,7.8,48.1904761904762,"South Delta"
1,2021,112,93,14,8.60471698113207,57.122641509434,"South Delta"
1,2022,210,147,16,8.91,59.2625,"South Delta"
1,2023,38,29,10,11.9161290322581,70.1612903225806,"South Delta"
1,2024,82,39,7,9.38478260869565,62.4347826086956,"South Delta"
1,2025,82,77,7,11.112987012987,66.2987012987013,"South Delta"
3,1974,2014,1722,41,10.2449354518371,NA,"Southwest"
3,1984,1238,877,43,9.21308562197092,69.2482269503546,"Southwest"
3,1991,1819,1519,43,9.68499175371083,70.546812749004,"Southwest"
3,2001,516,460,27,8.26,49.8294573643411,"Southwest"
3,2002,556,458,34,7.28278776978417,46.9118705035971,"Southwest"
3,2003,464,400,31,9.91413793103448,59.3146551724138,"Southwest"
3,2004,542,438,30,8.50343173431734,49.9354243542435,"Southwest"
3,2005,440,341,18,7.33731818181818,46.6886363636364,"Southwest"
3,2009,465,337,18,6.89423655913978,40.5775862068966,"Southwest"
3,2010,365,269,18,6.9072602739726,49.3756906077348,"Southwest"
3,2011,633,431,30,7.98082278481013,53.2366666666667,"Southwest"
3,2012,383,275,30,7.17075718015666,47.023498694517,"Southwest"
3,2013,422,351,26,6.82905213270142,46.3483412322275,"Southwest"
3,2014,538,382,28,6.67184701492537,44.0708955223881,"Southwest"
3,2015,353,173,14,6.62782608695652,43.7010869565217,"Southwest"
3,2016,263,230,8,8.07019011406844,57.6882129277567,"Southwest"
3,2017,672,536,27,6.90888392857143,49.3601190476191,"Southwest"
3,2018,456,372,19,7.73864035087719,55.0789473684211,"Southwest"
3,2019,616,415,28,7.8164006514658,50.7296416938111,"Southwest"
3,2020,563,328,22,7.32439024390244,54.7886178861789,"Southwest"
3,2021,491,327,22,7.62191011235955,51.438202247191,"Southwest"
3,2022,303,233,16,7.43895582329317,55.004016064257,"Southwest"
3,2023,508,376,22,7.39073634204276,55.7957244655582,"Southwest"
3,2024,435,278,18,7.53127035830619,56.1400651465798,"Southwest"
3,2025,486,260,20,8.21067615658363,58.932384341637,"Southwest"
5,1974,674,563,29,11.3427299703264,NA,"South Delta"
5,1984,382,284,32,10.7361256544503,67.6902654867257,"South Delta"
5,1991,509,471,32,13.1176817288802,68.2959427207637,"South Delta"
5,2001,231,196,17,11.6038961038961,67.3030303030303,"South Delta"
5,2002,155,138,15,9.42735483870968,51.9161290322581,"South Delta"
5,2003,54,51,14,10.7353703703704,48.1481481481481,"South Delta"
5,2004,6,6,1,1.53333333333333,17.8333333333333,"South Delta"
5,2005,68,46,14,14.9447058823529,65.3134328358209,"South Delta"
5,2009,75,59,17,9.1936,54.0266666666667,"South Delta"
5,2010,132,117,18,6.23977272727273,42.2734375,"South Delta"
5,2011,65,53,9,11.7367692307692,65.1692307692308,"South Delta"
5,2012,73,66,5,8.14931506849315,45.2191780821918,"South Delta"
5,2013,17,6,5,8.78823529411765,64.25,"South Delta"
5,2014,31,28,5,11.1161290322581,44.3225806451613,"South Delta"
5,2015,95,72,15,10.6447252747253,61,"South Delta"
5,2016,111,101,10,6.02306306306306,45.6216216216216,"South Delta"
5,2017,98,34,14,9.29769230769231,60.7948717948718,"South Delta"
5,2018,90,80,12,8.88888888888889,56.4444444444444,"South Delta"
5,2019,55,6,16,10.3076666666667,50,"South Delta"
5,2020,6,6,2,12.75,72.6666666666667,"South Delta"
5,2021,32,13,5,12.33125,45.625,"South Delta"
5,2022,87,73,15,11.1986842105263,66.6578947368421,"South Delta"
5,2023,67,52,12,11.755,66.0166666666667,"South Delta"
5,2024,120,75,12,7.40909090909091,51.8295454545455,"South Delta"
5,2025,86,64,12,9.44225352112676,58.4929577464789,"South Delta"
7,1974,1106,984,23,12.9842676311031,NA,"South Delta"
7,1984,592,516,18,11.0719594594595,61.4784810126582,"South Delta"
7,1991,840,763,20,12.1625,64.5874233128834,"South Delta"
7,2001,233,202,15,10.4181115879828,61.4892703862661,"South Delta"
7,2002,177,175,5,12.9867796610169,58.8700564971751,"South Delta"
7,2003,88,80,13,10.6251136363636,54.7840909090909,"South Delta"
7,2004,164,139,15,8.08993902439024,48.2760736196319,"South Delta"
7,2005,129,117,14,10.0282170542636,59.4496124031008,"South Delta"
7,2008,52,52,5,10.4807692307692,55.6153846153846,"South Delta"
7,2009,121,109,8,10.4640833333333,59.6814159292035,"South Delta"
7,2010,88,70,4,11.1782954545455,60.3521126760563,"South Delta"
7,2011,274,198,15,9.77268382352941,53.9073170731707,"South Delta"
7,2012,53,47,3,9.75849056603774,59.3584905660377,"South Delta"
7,2013,291,257,17,8.30182130584192,50.2302405498282,"South Delta"
7,2014,126,108,5,8.43301587301587,60.7142857142857,"South Delta"
7,2015,97,87,14,9.16113402061856,52.2886597938144,"South Delta"
7,2016,109,50,4,11.6329824561404,64.1929824561404,"South Delta"
7,2017,194,118,14,10.2950757575758,63.0833333333333,"South Delta"
7,2018,117,101,8,11.1303418803419,57.9487179487179,"South Delta"
7,2019,28,6,4,9.752,52.5,"South Delta"
7,2020,306,256,16,8.43901515151515,53.7310606060606,"South Delta"
7,2021,127,36,5,7.39736842105263,44.7631578947368,"South Delta"
7,2022,102,81,12,9.56129032258064,53.1290322580645,"South Delta"
7,2023,161,137,13,9.48947368421053,56.8684210526316,"South Delta"
7,2024,122,112,4,12.2237288135593,66.7627118644068,"South Delta"
7,2025,82,71,6,10.4506666666667,58.04,"South Delta"
9,1974,1422,1016,37,12.645288326301,NA,"South Delta"
9,1984,684,495,33,12.4567251461988,68.4739454094293,"South Delta"
9,1991,1005,927,34,13.7604975124378,70.4089743589744,"South Delta"
9,2001,135,100,20,10.0479259259259,56.8814814814815,"South Delta"
9,2002,277,216,26,9.28068592057762,45.786231884058,"South Delta"
9,2003,255,226,31,8.9136862745098,47.4941176470588,"South Delta"
9,2004,148,100,18,12.8900675675676,57.8310810810811,"South Delta"
9,2005,177,106,27,13.2674576271186,59.6779661016949,"South Delta"
9,2008,93,89,15,9.80215053763441,55.6559139784946,"South Delta"
9,2009,91,78,20,6.14087912087912,37.7802197802198,"South Delta"
9,2010,126,99,19,8.71380952380952,52.3333333333333,"South Delta"
9,2011,220,184,23,7.48977272727273,46.7018348623853,"South Delta"
9,2012,216,182,22,6.88796296296296,46.0360824742268,"South Delta"
9,2013,277,185,22,7.14210144927536,48.4892703862661,"South Delta"
9,2014,118,98,17,10.0228695652174,51.8521739130435,"South Delta"
9,2015,201,168,19,6.97925,44.385,"South Delta"
9,2016,204,193,25,5.84485294117647,39.6911764705882,"South Delta"
9,2017,110,91,18,10.2252293577982,55.4862385321101,"South Delta"
9,2018,207,167,23,7.91529126213592,48.6650485436893,"South Delta"
9,2019,212,160,20,8.14518918918919,49.4432432432432,"South Delta"
9,2020,337,199,23,7.85622119815668,58.7926267281106,"South Delta"
9,2021,125,110,19,10.5362068965517,54.7068965517241,"South Delta"
9,2022,207,125,19,6.96935483870968,46.5725806451613,"South Delta"
9,2023,183,161,23,7.37590361445783,46.9518072289157,"South Delta"
9,2024,170,140,26,8.82380952380952,56.5850340136054,"South Delta"
9,2025,287,178,24,9.01734693877551,54.1377551020408,"South Delta"
11,1974,2645,2400,37,9.17981096408318,NA,"Southwest"
11,1984,1704,1205,42,9.16819248826291,62.7285873192436,"Southwest"
11,1991,2548,2110,51,9.59270015698587,68.019647696477,"Southwest"
11,2001,611,520,26,8.45852700490998,55.8434925864909,"Southwest"
11,2002,683,585,26,6.91005856515373,47.606149341142,"Southwest"
11,2003,650,529,32,8.94466153846154,51.4246153846154,"Southwest"
11,2004,585,510,30,8.36517948717949,51.0615384615385,"Southwest"
11,2005,628,499,32,8.50156050955414,51.6464968152866,"Southwest"
11,2009,517,421,30,5.55907156673114,40.156976744186,"Southwest"
11,2010,507,361,22,6.73313609467456,44.7731755424063,"Southwest"
11,2011,569,377,26,7.35311072056239,49.6801405975395,"Southwest"
11,2012,565,447,24,6.63824778761062,43.4159292035398,"Southwest"
11,2013,946,726,28,6.95640591966173,47.1333333333333,"Southwest"
11,2014,609,414,25,6.91945364238411,45.7450331125828,"Southwest"
11,2015,562,318,21,7.19029535864979,48.7489451476793,"Southwest"
11,2016,463,305,24,5.97964376590331,41.470737913486,"Southwest"
11,2017,561,414,22,7.21865591397849,49.7114695340502,"Southwest"
11,2018,725,545,25,6.30060773480663,46.8991712707182,"Southwest"
11,2019,819,501,34,7.01788766788767,47.015873015873,"Southwest"
11,2020,1013,492,29,7.50853889943074,52.0094876660342,"Southwest"
11,2021,600,395,27,7.32988505747126,49.2390804597701,"Southwest"
11,2022,659,434,22,6.57527114967462,45.4837310195228,"Southwest"
11,2023,527,291,20,6.93853503184713,47.0095541401274,"Southwest"
11,2024,460,247,27,6.44451827242525,45.2325581395349,"Southwest"
11,2025,670,304,26,7.22106824925816,49.2462908011869,"Southwest"
13,1974,2959,2450,39,8.28418384589388,NA,"Northwest"
13,1984,1958,1426,45,7.57425944841675,67.7671755725191,"Northwest"
13,1991,2894,2379,52,8.15480304077401,67.1257102272727,"Northwest"
13,2001,939,828,43,7.43661341853035,46.3678038379531,"Northwest"
13,2002,657,531,29,8.62502283105023,57.0551301684533,"Northwest"
13,2003,635,527,29,6.46385826771654,43.8456692913386,"Northwest"
13,2004,683,539,36,7.82710102489019,51.6778916544656,"Northwest"
13,2005,651,476,36,7.76222734254992,51.7469135802469,"Northwest"
13,2008,105,105,10,7.34761904761905,46.4666666666667,"Northwest"
13,2009,454,244,23,7.35171806167401,48.6387665198238,"Northwest"
13,2010,289,224,20,8.41622837370242,52.2941176470588,"Northwest"
13,2011,759,610,35,7.22736495388669,48.0026385224274,"Northwest"
13,2012,545,371,26,7.70948623853211,51.2081031307551,"Northwest"
13,2013,503,356,23,6.72286282306163,45.1353535353535,"Northwest"
13,2014,554,319,32,7.26603883495146,49.2796116504854,"Northwest"
13,2015,643,356,31,7.84510140405616,51.9672386895476,"Northwest"
13,2016,312,217,27,8.60117021276596,57.3581560283688,"Northwest"
13,2017,564,425,35,7.70695035460993,51.5478723404255,"Northwest"
13,2018,477,251,18,7.22616842105263,47.9094736842105,"Northwest"
13,2019,531,281,26,8.11796226415094,52.9754716981132,"Northwest"
13,2020,703,426,26,6.64806378132118,46.255125284738,"Northwest"
13,2021,619,528,33,7.61873840445269,52.1539888682746,"Northwest"
13,2022,515,307,29,7.28207547169811,48.0660377358491,"Northwest"
13,2023,442,325,40,8.81065088757397,57.5502958579882,"Northwest"
13,2024,364,235,27,7.65731707317073,47.780487804878,"Northwest"
13,2025,435,304,18,7.83216560509554,49.2866242038217,"Northwest"
15,1974,2410,2105,39,9.15348547717842,NA,"Northwest"
15,1984,1493,1179,49,9.53114534494307,67.2559241706161,"Northwest"
15,1991,2301,1874,54,10.51938287701,73.0929003021148,"Northwest"
15,2001,319,171,33,12.3240752351097,63.2594936708861,"Northwest"
15,2002,296,190,30,9.425,58.2508710801394,"Northwest"
15,2003,483,404,28,8.76973084886128,50.6293995859213,"Northwest"
15,2004,478,381,26,8.29548117154812,45.9351464435146,"Northwest"
15,2005,460,383,29,8.13045652173913,49.2978260869565,"Northwest"
15,2008,22,21,10,13.1772727272727,80.3181818181818,"Northwest"
15,2009,370,324,26,7.41527027027027,46.2324324324324,"Northwest"
15,2010,264,232,25,6.93537878787879,39.5265151515151,"Northwest"
15,2011,362,257,23,7.95546961325967,45.7093023255814,"Northwest"
15,2012,436,362,25,7.54259174311927,48.3646788990826,"Northwest"
15,2013,362,211,26,7.87267955801105,50.3674033149171,"Northwest"
15,2014,390,342,25,6.94184615384615,47.4717948717949,"Northwest"
15,2015,533,434,28,7.47491557223265,51.6491557223265,"Northwest"
15,2016,390,264,29,6.86623052959502,50.386292834891,"Northwest"
15,2017,384,288,21,7.92630555555556,47.7138888888889,"Northwest"
15,2018,489,374,23,7.77546201232033,49.0944558521561,"Northwest"
15,2019,447,267,30,8.3688219895288,52.5314136125654,"Northwest"
15,2020,376,320,26,8.86524390243902,56.0457317073171,"Northwest"
15,2021,441,297,28,8.09161290322581,57.0709677419355,"Northwest"
15,2022,465,344,29,8.68093922651934,63.6878453038674,"Northwest"
15,2023,397,249,22,8.71072796934866,53.27969348659,"Northwest"
15,2024,343,289,23,7.60535117056856,49.7692307692308,"Northwest"
15,2025,425,388,25,8.50496277915633,58.014888337469,"Northwest"
17,1974,1993,1721,40,8.76317109884596,NA,"Northwest"
17,1984,1216,866,41,8.7327302631579,65.4473684210526,"Northwest"
17,1991,1873,1545,53,9.67362520021356,68.5964391691395,"Northwest"
17,2001,315,203,33,8.74015873015873,50.2222222222222,"Northwest"
17,2002,292,215,28,8.58017123287671,48.1061643835616,"Northwest"
17,2003,212,169,26,7.73872641509434,45.5588235294118,"Northwest"
17,2004,326,252,23,9.29073619631902,50.2414860681115,"Northwest"
17,2005,360,301,27,6.13127777777778,35.6555555555556,"Northwest"
17,2008,75,74,18,7.12,39.5733333333333,"Northwest"
17,2009,230,193,23,7.11367713004484,44.5471698113208,"Northwest"
17,2010,293,226,25,6.29481228668942,38.4778156996587,"Northwest"
17,2011,315,290,29,7.01034920634921,44.3047619047619,"Northwest"
17,2012,401,353,29,6.66064837905237,45.0485933503836,"Northwest"
17,2013,272,240,25,7.31588235294118,47.6568265682657,"Northwest"
17,2014,305,254,26,8.46324590163935,49.6786885245902,"Northwest"
17,2015,342,250,24,6.58428125,47.2625,"Northwest"
17,2016,270,203,32,6.6062962962963,41.7592592592593,"Northwest"
17,2017,313,190,22,7.15752808988764,49.5767790262172,"Northwest"
17,2018,409,315,34,7.41962962962963,50.9530864197531,"Northwest"
17,2019,362,219,27,8.19352601156069,53.621387283237,"Northwest"
17,2020,318,182,30,7.7103825136612,52.4808743169399,"Northwest"
17,2021,306,217,25,9.93070175438596,61.1622807017544,"Northwest"
17,2022,315,237,23,7.95977011494253,58.1034482758621,"Northwest"
17,2023,283,219,25,8.28701298701299,54.0692640692641,"Northwest"
17,2024,247,185,24,7.68265306122449,48.1122448979592,"Northwest"
17,2025,410,340,31,8.50162601626016,57.1978319783198,"Northwest"
19,1974,859,762,33,9.95844004656577,NA,"Southwest"
19,1984,617,451,36,8.87050243111831,63.4019292604502,"Southwest"
19,1991,971,831,38,8.84191555097837,62.1104294478528,"Southwest"
19,2001,501,434,37,8.78610778443114,52.1556886227545,"Southwest"
19,2002,236,196,17,7.44050847457627,42.25,"Southwest"
19,2003,195,187,16,6.72148717948718,37.7333333333333,"Southwest"
19,2004,200,152,16,8.82925,51.205,"Southwest"
19,2005,174,145,15,6.97465517241379,44.9885057471264,"Southwest"
19,2009,192,128,22,7.78703125,49.1770833333333,"Southwest"
19,2010,263,171,18,6.85041825095057,43.5285171102662,"Southwest"
19,2011,311,199,19,8.32807073954984,49.4788273615635,"Southwest"
19,2012,136,93,11,7.38419117647059,41.5373134328358,"Southwest"
19,2013,359,292,17,5.74261838440111,41.0084033613445,"Southwest"
19,2014,122,80,16,7.96565573770492,45.7868852459016,"Southwest"
19,2015,271,171,17,7.33348837209302,45.893023255814,"Southwest"
19,2016,316,244,24,6.63889240506329,42.0601265822785,"Southwest"
19,2017,344,275,22,6.55178125,40.225,"Southwest"
19,2018,211,90,15,4.49842975206612,34.2809917355372,"Southwest"
19,2019,152,124,9,7.42618421052632,48.8157894736842,"Southwest"
19,2020,398,180,20,6.89466666666667,45.1288888888889,"Southwest"
19,2021,141,104,19,7.00183486238532,38.6146788990826,"Southwest"
19,2022,299,129,20,6.55151515151515,37.8969696969697,"Southwest"
19,2023,246,141,21,7.25562130177515,42.4970414201183,"Southwest"
19,2024,444,318,24,6.98651026392962,42.0469208211144,"Southwest"
19,2025,73,46,7,4.5125,37.7916666666667,"Southwest"
21,1974,1560,1285,45,11.0755769230769,NA,"Northwest"
21,1984,871,621,48,9.53524684270953,67.1904761904762,"Northwest"
21,1991,1354,1119,52,9.7602658788774,64.9628571428571,"Northwest"
21,2001,564,487,38,7.91625886524823,48.7904085257549,"Northwest"
21,2002,379,338,33,8.02535620052771,49.0131926121372,"Northwest"
21,2003,384,337,32,7.36229166666667,43.3880208333333,"Northwest"
21,2004,257,233,23,6.84922178988327,38.715953307393,"Northwest"
21,2005,161,104,27,9.73503105590062,49.4782608695652,"Northwest"
21,2008,10,8,3,8.67,47.8,"Northwest"
21,2009,241,223,24,7.84448132780083,50.850622406639,"Northwest"
21,2010,267,142,18,7.82299625468165,49.3183520599251,"Northwest"
21,2011,374,287,33,7.15935828877005,49.5094339622642,"Northwest"
21,2012,435,323,29,7.5147816091954,49.6520737327189,"Northwest"
21,2013,340,231,22,7.01226470588235,42.952802359882,"Northwest"
21,2014,219,183,17,6.98397260273973,46.2237442922374,"Northwest"
21,2015,155,125,25,6.59458064516129,43.5290322580645,"Northwest"
21,2016,347,204,20,7.01788856304985,48.7008797653959,"Northwest"
21,2017,318,267,33,7.77814465408805,54.3050314465409,"Northwest"
21,2018,314,166,25,8.64761290322581,58.8354838709677,"Northwest"
21,2019,353,234,34,8.0082905982906,50.1509971509971,"Northwest"
21,2020,330,218,22,7.7295154185022,52.0484581497797,"Northwest"
21,2021,198,126,18,8.38134328358209,55.4477611940299,"Northwest"
21,2022,206,164,28,7.74940476190476,51.0059523809524,"Northwest"
21,2023,261,224,31,7.78380566801619,57.8785425101215,"Northwest"
21,2024,360,220,23,8.07105263157895,50.2105263157895,"Northwest"
21,2025,277,211,28,8.3490990990991,58.045045045045,"Northwest"
23,2009,20,20,2,4.315,34.75,"South Delta"
23,2011,8,8,1,1.4125,11.875,"South Delta"
23,2016,26,22,3,5.17038461538462,37.9230769230769,"South Delta"
23,2018,21,19,1,2.16380952380952,15.2380952380952,"South Delta"
23,2019,15,15,1,5.94666666666667,36,"South Delta"
23,2024,22,0,3,NA,NA,"South Delta"
23,2025,14,14,1,2.1,16.1428571428571,"South Delta"
25,1974,1297,777,47,12.5335389360062,NA,"North Delta"
25,1984,562,300,48,8.27669039145908,63.4324324324324,"North Delta"
25,1991,682,625,47,8.98343108504399,64.5974358974359,"North Delta"
25,2001,79,44,15,9.81101265822785,53.7027027027027,"North Delta"
25,2002,147,144,25,7.29680272108844,43.2176870748299,"North Delta"
25,2003,213,175,28,7.97896713615024,48.5164319248826,"North Delta"
25,2004,120,106,19,7.60508333333333,51.475,"North Delta"
25,2005,165,136,27,7.37139393939394,50.8727272727273,"North Delta"
25,2008,37,36,7,8.21891891891892,45.8108108108108,"North Delta"
25,2009,70,59,19,7.64057142857143,45.0434782608696,"North Delta"
25,2010,50,42,14,8.4264,48.7291666666667,"North Delta"
25,2011,205,180,23,6.50375609756098,44.6417112299465,"North Delta"
25,2012,116,63,19,8.42077586206897,49.4310344827586,"North Delta"
25,2013,193,162,24,7.51818652849741,54.7305699481865,"North Delta"
25,2014,83,58,20,6.79674698795181,46.0722891566265,"North Delta"
25,2015,218,193,25,7.13834862385321,48.4128440366973,"North Delta"
25,2016,66,54,18,9.43136363636364,54.4545454545455,"North Delta"
25,2017,172,114,22,7.7778488372093,50.9941860465116,"North Delta"
25,2018,140,113,26,7.4355,45.0357142857143,"North Delta"
25,2019,167,145,19,7.52335329341317,44.7305389221557,"North Delta"
25,2020,227,163,24,8.78125,58.6534090909091,"North Delta"
25,2021,158,155,25,6.87677419354839,45.2709677419355,"North Delta"
25,2022,255,215,27,7.80769230769231,53.1990950226244,"North Delta"
25,2023,160,81,24,8.77228915662651,51.5180722891566,"North Delta"
25,2024,35,30,15,8.95483870967742,52.8387096774194,"North Delta"
25,2025,140,118,28,7.92248062015504,46.6899224806202,"North Delta"
27,1974,2135,1873,38,8.18496487119438,NA,"Northwest"
27,1984,1479,1092,38,7.61135902636917,65.2845528455285,"Northwest"
27,1991,2414,2095,47,8.41951118475559,71.852,"Northwest"
27,2001,495,384,29,6.74466666666667,43.5272727272727,"Northwest"
27,2002,551,466,27,7.75225045372051,49.3752276867031,"Northwest"
27,2003,378,291,23,7.30960317460317,51.4074074074074,"Northwest"
27,2004,436,359,23,8.27919724770642,53.4059633027523,"Northwest"
27,2005,567,418,34,8.27119929453263,53.5114638447972,"Northwest"
27,2008,189,181,25,7.26719576719577,45.2539682539683,"Northwest"
27,2009,429,297,24,6.87261072261072,45.8107476635514,"Northwest"
27,2010,634,477,30,6.80788643533123,46.8406940063091,"Northwest"
27,2011,268,225,19,6.46309701492537,43.0671641791045,"Northwest"
27,2012,351,288,29,6.69179487179487,42.3646723646724,"Northwest"
27,2013,427,373,30,6.6651756440281,47.112676056338,"Northwest"
27,2014,513,419,27,6.79567514677104,47.0998043052838,"Northwest"
27,2015,421,297,29,7.38853403141361,48.782722513089,"Northwest"
27,2016,481,379,32,7.005625,50.7541666666667,"Northwest"
27,2017,452,245,25,7.08747787610619,48.3407079646018,"Northwest"
27,2018,339,219,26,6.91632835820895,47.110447761194,"Northwest"
27,2019,408,270,25,7.4932602739726,49.8657534246575,"Northwest"
27,2020,625,491,31,7.46929133858268,54.6338582677165,"Northwest"
27,2021,521,372,28,7.98935064935065,58.2831168831169,"Northwest"
27,2022,423,337,25,7.74383561643836,56.5397260273973,"Northwest"
27,2023,304,255,21,6.36996197718631,40.9809885931559,"Northwest"
27,2024,648,412,29,6.73191489361702,46.8912529550827,"Northwest"
27,2025,307,266,25,6.58455882352941,47.1066176470588,"Northwest"
29,1974,1698,1242,32,13.8385159010601,NA,"North Delta"
29,1984,746,457,31,13.5804289544236,74.6650124069479,"North Delta"
29,1991,900,790,31,14.5093333333333,79.9131782945736,"North Delta"
29,2001,52,45,12,8.76115384615385,48,"North Delta"
29,2002,207,190,25,11.5230917874396,57.6135265700483,"North Delta"
29,2003,173,157,23,10.4223121387283,56.5606936416185,"North Delta"
29,2004,321,255,27,13.2756386292835,65.9221183800623,"North Delta"
29,2005,185,147,20,11.8258918918919,58.1945945945946,"North Delta"
29,2008,31,30,8,8.06451612903226,44.7741935483871,"North Delta"
29,2009,206,169,24,7.15902912621359,45.2135922330097,"North Delta"
29,2010,67,48,15,7.49,45.7761194029851,"North Delta"
29,2011,145,131,18,8.82868965517241,49.1944444444444,"North Delta"
29,2012,132,94,17,9.55583333333333,59.6614173228346,"North Delta"
29,2013,118,95,17,10.8388983050847,60.2457627118644,"North Delta"
29,2014,103,82,15,7.35990196078431,43.4607843137255,"North Delta"
29,2015,96,57,16,9.8619696969697,52.469696969697,"North Delta"
29,2016,55,51,13,6.904,47.6,"North Delta"
29,2017,185,166,19,7.55810810810811,45.3243243243243,"North Delta"
29,2018,226,146,20,9.19034146341463,56.8390243902439,"North Delta"
29,2019,284,214,26,7.12803636363636,42.1418181818182,"North Delta"
29,2020,111,86,16,12.6369565217391,69.2173913043478,"North Delta"
29,2021,130,118,18,8.27731092436975,49.9663865546218,"North Delta"
29,2022,118,106,16,8.72727272727273,47.8272727272727,"North Delta"
29,2023,242,211,22,8.25642201834862,51.7935779816514,"North Delta"
29,2024,84,43,11,5.7,41,"North Delta"
29,2025,164,140,17,8.26965517241379,49.5103448275862,"North Delta"
31,1974,2299,1965,39,9.12849064810787,NA,"Northwest"
31,1984,1556,1133,48,8.86426735218509,65.1917613636364,"Northwest"
31,1991,2558,2205,51,8.66630179827991,71.3716951788492,"Northwest"
31,2001,585,517,38,8.77731623931624,54.5841924398625,"Northwest"
31,2002,596,417,33,8.67713087248322,53.4090909090909,"Northwest"
31,2003,638,534,36,9.13087774294671,54.7836990595611,"Northwest"
31,2004,505,365,30,7.89467326732673,46.8353174603175,"Northwest"
31,2005,409,280,22,6.92171149144254,45.5367647058824,"Northwest"
31,2008,20,16,9,8.92,49.2,"Northwest"
31,2009,263,193,18,7.31357414448669,46.7642585551331,"Northwest"
31,2010,428,370,30,8.33677570093458,53.6168224299065,"Northwest"
31,2011,573,343,35,7.83403141361257,49.2395104895105,"Northwest"
31,2012,496,287,33,8.12727822580645,52.087044534413,"Northwest"
31,2013,432,334,31,7.73865429234339,49.625,"Northwest"
31,2014,315,222,23,7.31238853503185,43.531847133758,"Northwest"
31,2015,193,113,15,7.51502923976608,45.5438596491228,"Northwest"
31,2016,341,294,27,8.51190615835777,57.2287390029325,"Northwest"
31,2017,452,308,35,7.6578982300885,49.429203539823,"Northwest"
31,2018,390,303,24,7.3098717948718,47.548717948718,"Northwest"
31,2019,537,407,35,8.15884328358209,53.1809701492537,"Northwest"
31,2020,500,387,28,8.12825552825553,54.6019656019656,"Northwest"
31,2021,402,333,27,7.09228571428571,47.9514285714286,"Northwest"
31,2022,179,164,16,7.5757225433526,49.9017341040462,"Northwest"
31,2023,427,305,30,8.19384615384615,55.4030769230769,"Northwest"
31,2024,352,287,31,8.72525597269625,55.2252559726962,"Northwest"
31,2025,395,277,30,7.88763250883392,51.7243816254417,"Northwest"
33,1974,607,488,40,10.9433278418451,NA,"Southeast"
33,1984,374,264,38,9.80106951871658,65.4324324324324,"Southeast"
33,1991,589,533,45,12.9573853989813,72.1009174311927,"Southeast"
33,2001,151,136,18,12.0494039735099,61.2913907284768,"Southeast"
33,2002,126,88,20,12.0343650793651,62.4126984126984,"Southeast"
33,2003,39,26,17,10.4907692307692,49.9487179487179,"Southeast"
33,2004,140,130,25,8.25685714285714,47.1071428571429,"Southeast"
33,2005,138,132,20,7.28057971014493,42.8623188405797,"Southeast"
33,2008,54,44,13,10.5796296296296,67.5185185185185,"Southeast"
33,2009,128,113,16,5.854375,40.456,"Southeast"
33,2010,145,115,23,8.79372413793103,57.0296296296296,"Southeast"
33,2011,229,194,18,6.94908296943231,47.7631578947368,"Southeast"
33,2012,85,69,17,8.28223529411765,57.0722891566265,"Southeast"
33,2013,168,153,26,7.01625,49.7185628742515,"Southeast"
33,2014,47,34,12,8.50021276595745,51.4468085106383,"Southeast"
33,2015,103,95,15,8.94009708737864,53.3398058252427,"Southeast"
33,2016,99,56,17,8.67737373737374,57.8484848484849,"Southeast"
33,2017,167,134,18,7.08473053892216,53.502994011976,"Southeast"
33,2018,119,102,19,7.60361344537815,49.7394957983193,"Southeast"
33,2019,161,101,16,6.40718518518519,48.7851851851852,"Southeast"
33,2020,294,111,27,7.74576271186441,53.7372881355932,"Southeast"
33,2021,41,22,11,9.34193548387097,56.0322580645161,"Southeast"
33,2022,105,43,14,8.91627906976744,64.4418604651163,"Southeast"
33,2023,132,101,14,7.27272727272727,56.3090909090909,"Southeast"
33,2024,99,59,22,9.115,68.2833333333333,"Southeast"
33,2025,113,37,19,7.05,45.9210526315789,"Southeast"
35,1974,492,236,29,12.9910569105691,NA,"North Delta"
35,1984,141,78,20,13.3297872340426,80.0945945945946,"North Delta"
35,1991,177,148,20,14.4531073446328,78.7881355932203,"North Delta"
35,2001,36,34,9,7.96111111111111,48.3333333333333,"North Delta"
35,2002,30,18,8,9.581,66.6333333333333,"North Delta"
35,2003,33,17,5,9.1669696969697,59.8787878787879,"North Delta"
35,2004,23,15,7,17.2273913043478,81.2173913043478,"North Delta"
35,2008,27,26,5,8.01111111111111,42.0740740740741,"North Delta"
35,2009,6,6,3,5.05,29.6666666666667,"North Delta"
35,2010,33,31,12,7.74939393939394,44.0606060606061,"North Delta"
35,2011,24,20,9,8.82333333333333,48.125,"North Delta"
35,2012,45,40,9,7.48333333333333,49.8409090909091,"North Delta"
35,2013,21,16,9,8.70523809523809,48.5714285714286,"North Delta"
35,2014,27,21,5,8.48296296296296,44.962962962963,"North Delta"
35,2015,11,11,4,6.32727272727273,36.6363636363636,"North Delta"
35,2016,33,29,7,5.63878787878788,35,"North Delta"
35,2017,53,39,18,9.8,50.5283018867925,"North Delta"
35,2018,34,32,7,7.64147058823529,47.0294117647059,"North Delta"
35,2019,28,0,6,2.03,11,"North Delta"
35,2020,38,35,11,6.04571428571429,36.7714285714286,"North Delta"
35,2021,21,0,5,NA,NA,"North Delta"
35,2022,18,18,4,7.00555555555556,44.9444444444444,"North Delta"
35,2023,19,18,8,10.1210526315789,60.4210526315789,"North Delta"
35,2024,73,53,13,8.74736842105263,45.5087719298246,"North Delta"
35,2025,63,52,10,7.95,53.375,"North Delta"
37,1974,834,707,36,9.51618705035971,NA,"Southeast"
37,1984,512,411,33,9.975,76.4095563139932,"Southeast"
37,1991,909,791,39,11.2631463146315,75.0130841121495,"Southeast"
37,2001,301,229,24,9.77076411960133,59.0066445182724,"Southeast"
37,2002,279,237,22,8.48229390681004,48.7168458781362,"Southeast"
37,2003,113,63,26,12.1397345132743,64.212389380531,"Southeast"
37,2004,124,110,18,9.61991935483871,53.2983870967742,"Southeast"
37,2005,285,217,28,9.95954385964912,57.8070175438597,"Southeast"
37,2008,110,107,15,6.72363636363636,49.3454545454545,"Southeast"
37,2009,160,133,22,8.0514375,53.59375,"Southeast"
37,2010,214,134,20,8.37757009345794,53.7616822429907,"Southeast"
37,2011,216,120,16,8.11398148148148,51.7731481481481,"Southeast"
37,2012,64,44,9,8.3053125,53.8965517241379,"Southeast"
37,2013,99,82,19,9.44151515151515,60.040404040404,"Southeast"
37,2014,167,101,26,8.55233532934132,57.0658682634731,"Southeast"
37,2015,174,144,27,8.91734104046243,56.8092485549133,"Southeast"
37,2016,101,47,22,10.0691428571429,58.2,"Southeast"
37,2017,253,216,15,8.18956175298805,58.4382470119522,"Southeast"
37,2018,208,160,13,6.90216346153846,51.9326923076923,"Southeast"
37,2019,100,80,11,7.95172413793103,54.0459770114943,"Southeast"
37,2020,135,111,22,9.1016393442623,63.172131147541,"Southeast"
37,2021,131,86,23,8.48461538461538,60.9120879120879,"Southeast"
37,2022,174,98,24,9.05673076923077,59.9615384615385,"Southeast"
37,2023,191,149,16,8.625,60.2738095238095,"Southeast"
37,2024,150,85,21,9.89318181818182,57.125,"Southeast"
37,2025,235,190,13,6.95023923444976,52.6555023923445,"Southeast"
39,1974,1116,1003,37,9.58413978494624,NA,"Southwest"
39,1984,760,587,43,9.7646052631579,70.1766109785203,"Southwest"
39,1991,1175,1030,46,11.3430638297872,79.603947368421,"Southwest"
39,2001,362,322,26,8.84265193370166,55.4834254143646,"Southwest"
39,2002,211,204,27,7.41559241706161,46.1374407582938,"Southwest"
39,2003,286,207,32,10.6772027972028,61.1099290780142,"Southwest"
39,2004,226,144,19,9.48761061946903,58.9690265486726,"Southwest"
39,2005,180,124,22,11.0296111111111,63.7666666666667,"Southwest"
39,2008,7,7,3,8.22857142857143,46.5714285714286,"Southwest"
39,2009,224,177,23,8.7775,51.4375,"Southwest"
39,2010,271,187,17,5.89335793357934,42.3703703703704,"Southwest"
39,2011,293,238,27,7.56484641638225,52.7353951890034,"Southwest"
39,2012,248,209,20,7.28262096774194,49.4072580645161,"Southwest"
39,2013,267,194,24,6.84857677902622,47.0300751879699,"Southwest"
39,2014,227,205,16,5.98361233480176,42.4713656387665,"Southwest"
39,2015,68,52,10,7.71426470588235,48.0147058823529,"Southwest"
39,2016,301,229,22,6.40510067114094,46.7919463087248,"Southwest"
39,2017,257,184,20,7.10023622047244,54.7322834645669,"Southwest"
39,2018,164,140,19,7.81378048780488,56.5060975609756,"Southwest"
39,2019,437,245,25,7.03717717717718,48.5555555555556,"Southwest"
39,2020,324,218,17,6.59130434782609,49.495652173913,"Southwest"
39,2021,246,138,19,7.84121621621622,56.1081081081081,"Southwest"
39,2022,179,156,12,7.21349693251534,49.4110429447853,"Southwest"
39,2023,238,179,24,7.78563829787234,54.8244680851064,"Southwest"
39,2024,442,393,22,6.64501216545012,53.5060827250608,"Southwest"
39,2025,174,125,17,8.89117647058823,64.9485294117647,"Southwest"
41,1974,430,323,31,10.5646511627907,NA,"North Delta"
41,1984,200,111,27,10.157,66.4523809523809,"North Delta"
41,1991,347,321,34,11.9365994236311,75.5,"North Delta"
41,2001,38,36,9,9.71552631578947,49.2368421052632,"North Delta"
41,2002,130,102,23,9.86407692307692,62.7338709677419,"North Delta"
41,2003,39,35,7,13.944358974359,59.8205128205128,"North Delta"
41,2004,44,22,14,12.8534090909091,55.7441860465116,"North Delta"
41,2005,87,71,11,8.92126436781609,58.2873563218391,"North Delta"
41,2008,49,46,9,5.14081632653061,39.0204081632653,"North Delta"
41,2009,34,31,10,9.65852941176471,64.8823529411765,"North Delta"
41,2010,75,71,16,6.9136,45.7066666666667,"North Delta"
41,2011,41,9,10,8.51390243902439,45.1951219512195,"North Delta"
41,2012,38,34,8,5.29684210526316,29.3684210526316,"North Delta"
41,2013,81,67,17,6.99740740740741,44.9012345679012,"North Delta"
41,2014,24,20,9,7.5125,45.0416666666667,"North Delta"
41,2015,99,72,14,8.05979797979798,53.4343434343434,"North Delta"
41,2016,89,70,18,7.94134831460674,50.8426966292135,"North Delta"
41,2017,61,53,14,7.82180327868852,46.5081967213115,"North Delta"
41,2019,102,75,13,4.31047058823529,27.6117647058824,"North Delta"
41,2020,68,15,17,9.02666666666667,30.6666666666667,"North Delta"
41,2021,18,15,6,7.17333333333333,41.1333333333333,"North Delta"
41,2022,125,115,19,7.74916666666667,49.9,"North Delta"
41,2023,65,59,16,7.78032786885246,42.7540983606557,"North Delta"
41,2024,102,64,20,8.56056338028169,54,"North Delta"
41,2025,34,30,6,4.63548387096774,29.6774193548387,"North Delta"
43,1974,1909,1664,39,10.9615505500262,NA,"Southwest"
43,1984,1182,860,44,9.78231810490694,72.8240418118467,"Southwest"
43,1991,2223,1947,51,10.5919028340081,75.0249084249084,"Southwest"
43,2001,541,521,38,8.71835489833641,56.7504621072089,"Southwest"
43,2002,362,306,31,8.59049723756906,52.883008356546,"Southwest"
43,2003,469,374,36,8.23524520255864,52.9349240780911,"Southwest"
43,2004,505,385,31,9.29726732673267,63.0277227722772,"Southwest"
43,2005,421,379,26,9.92349168646081,57.3586698337292,"Southwest"
43,2009,322,255,29,9.16658385093168,62.9472049689441,"Southwest"
43,2010,126,119,17,7.55309523809524,52.8730158730159,"Southwest"
43,2011,353,256,36,8.70538243626062,55.6458923512748,"Southwest"
43,2012,385,305,28,6.82735064935065,47.9272727272727,"Southwest"
43,2013,299,265,32,7.97394648829431,50.6053511705686,"Southwest"
43,2014,162,121,22,8.75211180124224,54.2857142857143,"Southwest"
43,2015,291,197,23,7.91123711340206,50.6082474226804,"Southwest"
43,2016,115,82,16,9.94486956521739,62.9217391304348,"Southwest"
43,2017,277,210,32,8.04292418772563,53.7581227436823,"Southwest"
43,2018,395,267,33,8.5008356545961,58.3203342618384,"Southwest"
43,2019,499,328,31,7.83414486921529,55.9215291750503,"Southwest"
43,2020,356,240,33,9.5625,61.7083333333333,"Southwest"
43,2021,164,120,18,10.2620967741935,60.508064516129,"Southwest"
43,2022,301,259,27,8.60970149253731,55.2276119402985,"Southwest"
43,2023,261,223,33,8.31818181818182,55.5330578512397,"Southwest"
43,2024,115,86,16,9.28260869565217,58.1413043478261,"Southwest"
43,2025,259,233,28,8.705,56.4333333333333,"Southwest"
45,1974,780,657,23,11.4971794871795,NA,"South Delta"
45,1984,443,366,21,9.70722347629797,55.9303135888502,"South Delta"
45,1991,752,693,25,12.4727393617021,62.0795454545455,"South Delta"
45,2001,34,32,7,7.92058823529412,44.9411764705882,"South Delta"
45,2002,60,56,12,9.52966666666667,52.3166666666667,"South Delta"
45,2003,244,219,18,10.551106557377,57.3155737704918,"South Delta"
45,2004,160,135,18,8.7104375,44.33125,"South Delta"
45,2005,50,34,8,10.8362,48.34,"South Delta"
45,2008,14,13,3,11.25,52.0714285714286,"South Delta"
45,2009,116,98,9,9.48474137931034,53.3157894736842,"South Delta"
45,2010,33,29,3,10.5593939393939,53.2758620689655,"South Delta"
45,2011,56,46,8,9.07553571428571,48.7857142857143,"South Delta"
45,2012,192,170,18,9.03010416666667,53.609375,"South Delta"
45,2013,76,54,15,10.3898684210526,58.8289473684211,"South Delta"
45,2014,63,51,14,9.72952380952381,42.0476190476191,"South Delta"
45,2015,35,16,10,10.31875,52.6875,"South Delta"
45,2017,82,69,8,10.509756097561,51.3658536585366,"South Delta"
45,2018,64,56,14,9.94578125,55.609375,"South Delta"
45,2019,249,180,18,9.52048192771084,50.6144578313253,"South Delta"
45,2020,65,41,14,12.4,63.4,"South Delta"
45,2021,66,37,15,10.295652173913,47.3913043478261,"South Delta"
45,2022,22,16,6,10.00625,47.5,"South Delta"
45,2023,50,26,8,10.8068965517241,56.448275862069,"South Delta"
45,2024,28,23,2,12.8458333333333,56.75,"South Delta"
45,2025,100,86,17,10.018085106383,58.4042553191489,"South Delta"
47,1974,1827,1533,25,13.2633825944171,NA,"South Delta"
47,1984,1013,826,29,12.2028627838105,65.2622222222222,"South Delta"
47,1991,1662,1528,33,14.032551143201,66.1778955336866,"South Delta"
47,2001,248,190,24,12.14875,58.6572580645161,"South Delta"
47,2002,359,284,22,9.58874651810585,53.7198879551821,"South Delta"
47,2003,304,234,20,11.5347368421053,54.5296052631579,"South Delta"
47,2004,327,305,19,11.2945565749235,57.7614678899083,"South Delta"
47,2005,303,244,19,12.1107920792079,60.0858085808581,"South Delta"
47,2008,143,139,12,10.3944055944056,52.5454545454545,"South Delta"
47,2009,252,218,18,9.60328,51.131914893617,"South Delta"
47,2010,186,162,17,9.19182795698925,51.1358695652174,"South Delta"
47,2011,330,276,21,8.86084848484849,53.4969696969697,"South Delta"
47,2012,188,174,13,9.51276595744681,49.6129032258064,"South Delta"
47,2013,275,232,18,9.87418181818182,52.9812030075188,"South Delta"
47,2014,254,212,18,8.7759842519685,51.6535433070866,"South Delta"
47,2015,172,124,17,9.58138554216868,53.7771084337349,"South Delta"
47,2016,138,115,19,11.0913008130081,51.3170731707317,"South Delta"
47,2017,293,252,21,8.53689895470383,52.0836236933798,"South Delta"
47,2018,290,242,18,9.32674825174825,55.3461538461538,"South Delta"
47,2019,277,190,18,9.31903225806452,48.3346774193548,"South Delta"
47,2020,312,152,20,9.98773006134969,54.2024539877301,"South Delta"
47,2021,256,213,17,9.45272727272727,57.0181818181818,"South Delta"
47,2022,173,137,18,9.63636363636364,56.0559440559441,"South Delta"
47,2023,186,163,20,9.18622754491018,53.8622754491018,"South Delta"
47,2024,252,151,19,10.1125786163522,52.5911949685535,"South Delta"
47,2025,293,243,20,10.5563218390805,58.007662835249,"South Delta"
49,1974,2367,1997,37,9.33341782847486,NA,"Northwest"
49,1984,1455,1008,37,8.0880412371134,72.759765625,"Northwest"
49,1991,2167,1797,40,7.47729580064605,68.9857456140351,"Northwest"
49,2001,633,539,28,7.22503949447077,46.5181674565561,"Northwest"
49,2002,398,253,28,7.56964824120603,49.4422110552764,"Northwest"
49,2003,368,290,26,8.91660326086956,58.1711956521739,"Northwest"
49,2004,403,272,35,7.66426799007444,50.5831265508685,"Northwest"
49,2005,594,481,27,6.59361952861953,41.5909090909091,"Northwest"
49,2008,117,107,11,8.81538461538462,59.2991452991453,"Northwest"
49,2009,369,206,27,7.62092140921409,51.4774011299435,"Northwest"
49,2010,429,237,22,8.1113986013986,52.1841491841492,"Northwest"
49,2011,502,423,28,7.05575697211155,45.3967611336032,"Northwest"
49,2012,335,266,25,7.42331343283582,49.0835820895522,"Northwest"
49,2013,307,249,20,8.20742671009772,53.2117263843648,"Northwest"
49,2014,504,341,27,6.68311507936508,43.4583333333333,"Northwest"
49,2015,398,208,22,7.00442211055276,46.1356783919598,"Northwest"
49,2016,336,188,24,7.83397887323944,50.2042253521127,"Northwest"
49,2017,334,191,26,7.77269461077844,49.8083832335329,"Northwest"
49,2018,531,397,31,7.66661322645291,51.0440881763527,"Northwest"
49,2019,485,322,27,7.86138144329897,50.4701030927835,"Northwest"
49,2020,295,189,25,7.892,50.405,"Northwest"
49,2021,485,276,30,7.4083044982699,47.9446366782007,"Northwest"
49,2022,292,223,24,7.72777777777778,55.1623931623932,"Northwest"
49,2023,324,265,27,8.21131386861314,53.2153284671533,"Northwest"
49,2024,248,161,19,7.09700598802395,41.5988023952096,"Northwest"
49,2025,448,391,27,8.6031941031941,54.8206388206388,"Northwest"
51,2004,21,21,4,8.2,42.8571428571429,"South Delta"
51,2005,18,18,6,8.46111111111111,36.9444444444444,"South Delta"
51,2010,31,30,4,9.60322580645161,44.741935483871,"South Delta"
51,2014,72,54,9,5.82661290322581,33.6774193548387,"South Delta"
51,2015,20,10,7,8.86428571428571,36.6428571428571,"South Delta"
51,2016,31,0,4,NA,NA,"South Delta"
51,2021,95,64,8,4.75223880597015,29.134328358209,"South Delta"
51,2022,15,12,6,10.3083333333333,44.3333333333333,"South Delta"
53,1974,351,285,24,11.422792022792,NA,"Southwest"
53,1984,203,135,20,12.0147783251232,66.5603448275862,"Southwest"
53,1991,275,256,23,12.5847272727273,73.3115577889447,"Southwest"
53,2001,132,87,18,9.78530303030303,58.1590909090909,"Southwest"
53,2002,33,31,7,8.91454545454545,41.969696969697,"Southwest"
53,2003,40,12,10,14.8075,63.175,"Southwest"
53,2004,18,18,6,8.93888888888889,50.5,"Southwest"
53,2005,74,57,7,8.5377027027027,61.2432432432432,"Southwest"
53,2009,11,0,2,10.18,NA,"Southwest"
53,2010,79,72,10,6.90455696202532,39.3924050632911,"Southwest"
53,2011,75,51,18,9.09108108108108,57.6338028169014,"Southwest"
53,2012,44,37,5,6.69318181818182,44.5227272727273,"Southwest"
53,2013,16,14,5,8.0675,44.5,"Southwest"
53,2014,11,8,5,7.21454545454545,46.1818181818182,"Southwest"
53,2015,59,2,5,10.2,46,"Southwest"
53,2016,58,53,8,5.81655172413793,34.3620689655172,"Southwest"
53,2017,100,57,11,7.25746478873239,46.6478873239437,"Southwest"
53,2019,49,23,5,7.81387755102041,50.1632653061224,"Southwest"
53,2020,57,50,14,9.93269230769231,58.7692307692308,"Southwest"
53,2021,12,8,6,7.5,53,"Southwest"
53,2022,55,48,7,5.60185185185185,42.6851851851852,"Southwest"
53,2023,106,92,11,7.63301886792453,60.9811320754717,"Southwest"
53,2024,133,77,12,7.47441860465116,41.2441860465116,"Southwest"
55,1974,81,27,14,14.0074074074074,NA,"South Delta"
55,1984,25,19,8,11.24,59.7857142857143,"South Delta"
55,1991,39,38,9,16.5025641025641,70.5806451612903,"South Delta"
55,2001,25,25,7,11.024,59.2,"South Delta"
55,2004,51,42,13,11.8474509803922,47.7647058823529,"South Delta"
55,2009,21,15,7,9.51142857142857,51.8095238095238,"South Delta"
55,2014,35,27,12,8.67171428571429,50.0285714285714,"South Delta"
55,2016,19,14,7,7.38210526315789,41.6842105263158,"South Delta"
55,2021,41,33,12,6.80555555555556,45.1111111111111,"South Delta"
55,2024,30,24,8,6.75555555555556,40.2592592592593,"South Delta"
57,1974,1099,923,17,12.4212920837125,NA,"South Delta"
57,1984,630,491,18,11.6187301587302,65.9672544080605,"South Delta"
57,1991,794,725,15,12.9773299748111,63.1677852348993,"South Delta"
57,2001,116,70,5,12.6362068965517,62.4954954954955,"South Delta"
57,2002,66,56,6,11.0695454545455,52.2727272727273,"South Delta"
57,2003,43,34,7,14.0802325581395,62.6976744186046,"South Delta"
57,2004,152,110,11,11.7231578947368,56.4647887323944,"South Delta"
57,2005,95,91,6,9.15536842105263,49.7473684210526,"South Delta"
57,2008,106,98,9,12.1198113207547,63.5943396226415,"South Delta"
57,2009,132,107,5,10.0573282442748,53.3245614035088,"South Delta"
57,2010,92,77,10,7.75760869565217,37.2093023255814,"South Delta"
57,2011,51,43,7,10.578431372549,45.156862745098,"South Delta"
57,2012,3,2,1,5.93333333333333,28.3333333333333,"South Delta"
57,2013,174,152,10,8.02465517241379,50.1494252873563,"South Delta"
57,2014,153,134,10,8.4294964028777,44.0359712230216,"South Delta"
57,2015,85,58,6,8.01894117647059,47.3411764705882,"South Delta"
57,2016,144,100,11,9.45625,54.0576923076923,"South Delta"
57,2017,116,63,7,5.765,32.7446808510638,"South Delta"
57,2018,14,14,6,8.97857142857143,49.9285714285714,"South Delta"
57,2019,5,3,2,6.174,31.6,"South Delta"
57,2020,174,127,10,8.75833333333333,51.3333333333333,"South Delta"
57,2021,152,90,10,10.1411764705882,52.6372549019608,"South Delta"
57,2022,68,36,7,9.70243902439024,55.1951219512195,"South Delta"
57,2023,104,95,4,9.22941176470588,46.8921568627451,"South Delta"
57,2024,202,165,13,8.94425287356322,52.2816091954023,"South Delta"
57,2025,15,14,6,9.35333333333333,47.2,"South Delta"
59,1974,2036,1717,42,10.0348231827112,NA,"Southwest"
59,1984,1332,1007,41,8.61276276276276,62.3577817531306,"Southwest"
59,1991,1985,1615,53,9.00866498740554,65.3036480686695,"Southwest"
59,2001,413,320,31,7.32203389830508,43.2627737226277,"Southwest"
59,2002,463,361,40,8.2880777537797,50.5723542116631,"Southwest"
59,2003,453,369,29,7.16618101545254,44.9977924944812,"Southwest"
59,2004,421,346,30,7.49399049881235,40.8527315914489,"Southwest"
59,2005,387,272,38,7.85514211886305,48.3540051679587,"Southwest"
59,2009,304,292,28,6.95759868421053,46.2039473684211,"Southwest"
59,2010,485,406,32,7.16835051546392,44.1594202898551,"Southwest"
59,2011,295,243,29,7.72474576271186,49.8067796610169,"Southwest"
59,2012,335,284,24,7.01243076923077,46.12,"Southwest"
59,2013,407,301,31,6.42788697788698,41.9975124378109,"Southwest"
59,2014,493,350,27,7.38936344969199,47.006160164271,"Southwest"
59,2015,334,228,31,7.02581325301205,45.1144578313253,"Southwest"
59,2016,466,278,33,7.61609813084112,51.8528037383178,"Southwest"
59,2017,318,206,29,7.48812080536913,48.4664429530201,"Southwest"
59,2018,301,231,29,7.66906976744186,51.8604651162791,"Southwest"
59,2019,602,383,25,7.13237936772047,46.4209650582363,"Southwest"
59,2020,400,262,34,6.66179775280899,44.3670411985019,"Southwest"
59,2021,444,255,24,8.11584905660377,54.577358490566,"Southwest"
59,2022,329,302,32,7.94183006535948,51.1470588235294,"Southwest"
59,2023,284,252,27,7.39348659003831,45.6934865900383,"Southwest"
59,2024,340,195,27,8.56746411483254,59.6459330143541,"Southwest"
59,2025,338,222,37,7.98064516129032,53.7016129032258,"Southwest"
61,1974,1475,1341,39,7.73823728813559,NA,"Northwest"
61,1984,951,629,37,7.89737118822292,69.4739454094293,"Northwest"
61,1991,1362,1192,42,8.61872246696035,71.1796246648794,"Northwest"
61,2001,296,226,24,7.42675675675676,48.4915254237288,"Northwest"
61,2002,255,193,21,10.3623529411765,60.678431372549,"Northwest"
61,2003,255,225,22,6.42,44.4313725490196,"Northwest"
61,2004,297,214,20,8.39747474747475,54.4814814814815,"Northwest"
61,2005,382,293,34,8.32981627296588,51.8582677165354,"Northwest"
61,2009,289,278,24,6.4898615916955,42.5501730103806,"Northwest"
61,2010,207,164,23,8.07531400966184,53.9130434782609,"Northwest"
61,2011,151,119,13,6.25933774834437,38.4137931034483,"Northwest"
61,2012,289,257,25,7.79249134948097,53.7118055555556,"Northwest"
61,2013,236,115,22,6.63593220338983,46.4340425531915,"Northwest"
61,2014,232,164,20,6.66138528138528,46.5497835497835,"Northwest"
61,2015,288,184,25,7.14569444444444,47.2777777777778,"Northwest"
61,2016,180,102,19,7.68235668789809,52.3057324840764,"Northwest"
61,2017,124,49,18,7.13808510638298,43.4893617021277,"Northwest"
61,2018,283,195,22,7.30578358208955,51.1567164179104,"Northwest"
61,2019,485,233,28,7.4166004415011,49.7748344370861,"Northwest"
61,2020,192,138,21,7.28611111111111,50.4930555555556,"Northwest"
61,2021,219,103,21,6.53771929824561,46.2017543859649,"Northwest"
61,2022,245,168,22,8.08953488372093,53.1744186046512,"Northwest"
61,2023,187,177,19,7.44611111111111,46.95,"Northwest"
61,2024,171,122,22,7.27734375,46.9140625,"Northwest"
61,2025,284,217,22,6.80133928571429,50.2723214285714,"Northwest"
63,1974,2275,1569,37,12.0448791208791,NA,"Southeast"
63,1984,1319,1078,41,9.41364670204701,62.6339031339031,"Southeast"
63,1991,2100,1757,46,10.5075238095238,66.6604057099925,"Southeast"
63,2001,481,412,29,9.73881496881497,54.6113445378151,"Southeast"
63,2002,370,275,31,8.08786486486487,51.2513513513514,"Southeast"
63,2003,391,231,27,8.45391304347826,52.0466321243523,"Southeast"
63,2004,557,467,36,10.0854578096948,55.524236983842,"Southeast"
63,2005,442,371,20,8.87972850678733,53.0294117647059,"Southeast"
63,2008,31,30,9,6.39032258064516,45.2903225806452,"Southeast"
63,2009,367,328,29,7.75408719346049,47.9318801089918,"Southeast"
63,2010,242,182,20,7.98685950413223,54.1701244813278,"Southeast"
63,2011,333,231,26,8.37408408408408,50.2822822822823,"Southeast"
63,2012,241,207,21,7.06373443983402,47.1924686192469,"Southeast"
63,2013,363,260,20,8.32160220994475,54.3149171270718,"Southeast"
63,2014,328,197,30,8.93409266409267,49.0965250965251,"Southeast"
63,2015,338,150,20,7.67642361111111,49.0416666666667,"Southeast"
63,2016,313,194,23,8.22587412587413,53.8041958041958,"Southeast"
63,2017,291,265,23,7.50453608247423,46.426116838488,"Southeast"
63,2018,337,221,29,8.07846645367412,51.2172523961661,"Southeast"
63,2019,240,99,15,8.60766839378238,55.0984455958549,"Southeast"
63,2020,374,240,21,8.87154471544715,54.9756097560976,"Southeast"
63,2021,260,167,26,8.60655737704918,50.551912568306,"Southeast"
63,2022,223,132,16,6.7469387755102,40.9455782312925,"Southeast"
63,2023,399,281,26,8.07993421052632,49.9539473684211,"Southeast"
63,2024,132,18,14,9.46666666666667,55.4444444444444,"Southeast"
63,2025,189,100,24,7.68347107438017,49.9173553719008,"Southeast"
65,1974,984,696,23,12.5194105691057,NA,"North Delta"
65,1984,459,266,22,11.7869281045752,71.5044642857143,"North Delta"
65,1991,561,494,25,12.0333333333333,74.0552763819096,"North Delta"
65,2001,185,158,19,10.8006486486486,57.9130434782609,"North Delta"
65,2002,24,8,9,14.3054166666667,77.9565217391304,"North Delta"
65,2003,72,65,12,11.7544444444444,67.3055555555556,"North Delta"
65,2004,176,161,23,9.86488636363636,56.4602272727273,"North Delta"
65,2005,96,79,11,10.42875,60.5833333333333,"North Delta"
65,2008,75,69,15,8.99866666666667,55.04,"North Delta"
65,2009,92,74,13,9.76510869565217,63.4347826086956,"North Delta"
65,2010,127,118,14,8.1048031496063,47.1102362204724,"North Delta"
65,2011,85,71,16,9.77905882352941,59.0117647058824,"North Delta"
65,2012,98,81,17,9.83765306122449,55.9183673469388,"North Delta"
65,2013,125,109,17,7.41024,48.4838709677419,"North Delta"
65,2014,115,78,19,8.91939130434783,54.5565217391304,"North Delta"
65,2015,69,52,11,7.21161764705882,47.7941176470588,"North Delta"
65,2016,158,124,17,9.00089743589744,52.5064102564103,"North Delta"
65,2017,67,57,12,7.3034328358209,44.7462686567164,"North Delta"
65,2018,34,19,10,9.53545454545455,54.5757575757576,"North Delta"
65,2019,151,114,20,10.099527027027,60.3310810810811,"North Delta"
65,2020,199,172,20,8.6854748603352,56.8994413407821,"North Delta"
65,2021,125,107,20,7.53727272727273,48.7272727272727,"North Delta"
65,2022,69,59,12,8.04193548387097,55,"North Delta"
65,2023,126,107,15,7.99380530973451,47.3008849557522,"North Delta"
65,2024,83,63,11,10.2611940298507,58.3134328358209,"North Delta"
65,2025,77,62,18,9.40285714285714,53.3,"North Delta"
67,1974,1513,1063,38,10.7521480502313,NA,"North Delta"
67,1984,748,522,40,9.31751336898396,65.8618618618619,"North Delta"
67,1991,1032,879,43,10.5434108527132,68.3269841269841,"North Delta"
67,2001,320,231,28,9.9213125,56.1075949367089,"North Delta"
67,2002,166,125,27,10.5462048192771,56.2317073170732,"North Delta"
67,2003,214,174,19,9.3642523364486,56.5794392523364,"North Delta"
67,2004,165,101,26,10.8789090909091,61.5125,"North Delta"
67,2005,177,156,23,9.66943502824859,58.3276836158192,"North Delta"
67,2008,2,2,2,6.2,25,"North Delta"
67,2009,138,112,17,6.78065217391304,39.7445255474453,"North Delta"
67,2010,185,161,19,7.05158469945355,41.6744186046512,"North Delta"
67,2011,401,276,30,8.1526433915212,47.1167512690355,"North Delta"
67,2012,220,171,25,6.56422727272727,42.2191780821918,"North Delta"
67,2013,169,128,19,9.64615384615385,59.9289940828402,"North Delta"
67,2014,171,146,19,7.08017857142857,40.6964285714286,"North Delta"
67,2015,181,152,19,6.7535593220339,49.0677966101695,"North Delta"
67,2016,187,154,21,7.47956989247312,49.8118279569892,"North Delta"
67,2017,275,172,23,8.2208,47.1454545454545,"North Delta"
67,2018,153,127,20,8.11071895424837,45.4771241830065,"North Delta"
67,2019,403,247,27,7.03244094488189,43.7900262467192,"North Delta"
67,2020,288,239,26,8.77590361445783,57.3012048192771,"North Delta"
67,2021,194,160,18,8.45730994152047,52.3216374269006,"North Delta"
67,2022,241,184,20,7.01489361702128,51.1702127659574,"North Delta"
67,2023,236,188,20,8.55219512195122,53.0146341463415,"North Delta"
67,2024,192,143,19,7.93939393939394,57.3272727272727,"North Delta"
67,2025,154,128,22,8.79857142857143,52.4,"North Delta"
69,1974,3678,3087,53,8.99507884719957,NA,"Southwest"
69,1984,2277,1640,53,7.81892841458059,64.2389189189189,"Southwest"
69,1991,3534,3024,67,8.48559705715903,68.2121896162528,"Southwest"
69,2001,994,854,49,9.04622736418511,55.0523138832998,"Southwest"
69,2002,804,728,32,8.20610696517413,49.9116915422886,"Southwest"
69,2003,882,782,42,8.23722222222222,54.6712172923777,"Southwest"
69,2004,1002,873,45,7.83735528942116,46.1546906187625,"Southwest"
69,2005,616,500,40,9.30027597402597,54.9154471544715,"Southwest"
69,2008,9,9,6,6.12222222222222,38.4444444444444,"Southwest"
69,2009,768,467,37,7.25197916666667,47.3228758169935,"Southwest"
69,2010,613,418,42,8.60251223491028,52.5,"Southwest"
69,2011,524,407,39,7.90593511450382,50.8358778625954,"Southwest"
69,2012,765,543,45,7.46602614379085,51.7088274044796,"Southwest"
69,2013,377,278,40,8.53184,54.4251336898396,"Southwest"
69,2014,531,361,32,7.94372400756144,50.2136105860113,"Southwest"
69,2015,362,262,35,8.10699140401146,52.0601719197708,"Southwest"
69,2016,595,502,43,7.86913344887348,50.0623916811092,"Southwest"
69,2017,559,409,40,8.18360861759425,52.1274685816876,"Southwest"
69,2018,613,385,38,7.53633387888707,50.9836333878887,"Southwest"
69,2019,859,638,47,7.49200232828871,50.0500582072177,"Southwest"
69,2020,403,291,40,8.76728971962617,56.4548286604361,"Southwest"
69,2021,558,473,34,8.30578512396694,54.8305785123967,"Southwest"
69,2022,470,404,34,7.98875598086124,53.4425837320574,"Southwest"
69,2023,549,441,46,8.60876068376068,54.8952991452991,"Southwest"
69,2024,608,501,42,8.02495238095238,54.2514285714286,"Southwest"
69,2025,476,396,34,7.00997566909976,47.1800486618005,"Southwest"
71,2011,1,1,1,2.4,17,"South Delta"
71,2017,15,15,4,6.78,48.4,"South Delta"
71,2023,22,18,6,7.31666666666667,45.6111111111111,"South Delta"
73,1974,1621,1360,40,9.24867365823566,NA,"Northwest"
73,1984,942,658,47,8.56380042462845,65.9226804123711,"Northwest"
73,1991,1300,1110,48,9.93553846153846,68.2759493670886,"Northwest"
73,2001,194,164,31,9.02664948453608,56.5396825396825,"Northwest"
73,2002,138,62,25,8.53724637681159,47.8613138686131,"Northwest"
73,2003,224,183,30,11.3086160714286,57.4349775784753,"Northwest"
73,2004,270,156,27,8.40207407407407,51.1925925925926,"Northwest"
73,2005,369,305,26,9.93146341463415,60.970189701897,"Northwest"
73,2008,49,49,17,9.5265306122449,61.1224489795918,"Northwest"
73,2009,220,198,28,6.89427272727273,42.8820754716981,"Northwest"
73,2010,120,102,22,7.99683333333333,51.975,"Northwest"
73,2011,117,104,21,8.31837606837607,53.6495726495726,"Northwest"
73,2012,183,144,29,8.30453551912568,52.2950819672131,"Northwest"
73,2013,191,149,18,7.54717277486911,45.7748691099476,"Northwest"
73,2014,226,194,21,7.82146017699115,51.358407079646,"Northwest"
73,2015,377,219,22,8.20056,52.0106666666667,"Northwest"
73,2016,140,70,20,8.08812949640288,55.3956834532374,"Northwest"
73,2017,90,73,11,8.94811111111111,50.6555555555556,"Northwest"
73,2018,353,259,30,7.24614925373134,48.9313432835821,"Northwest"
73,2019,155,124,29,8.82148387096774,57.8451612903226,"Northwest"
73,2020,175,107,15,8.67787610619469,56.7522123893805,"Northwest"
73,2021,220,144,25,9.18636363636364,61.6428571428571,"Northwest"
73,2022,366,298,24,7.94692556634304,52.9708737864078,"Northwest"
73,2023,63,60,20,10.2836065573771,60.2459016393443,"Northwest"
73,2024,130,108,13,8.10254237288136,52.3474576271186,"Northwest"
73,2025,202,175,25,7.57709497206704,51.6815642458101,"Northwest"
75,2002,4,4,2,12.675,42.5,"South Delta"
75,2004,8,8,3,3.1125,20.375,"South Delta"
75,2005,29,25,8,8.37586206896552,46.7241379310345,"South Delta"
75,2008,21,21,5,5.69047619047619,31.047619047619,"South Delta"
75,2011,28,25,7,8.36428571428571,43.9642857142857,"South Delta"
75,2012,25,23,5,8.1468,32.84,"South Delta"
75,2013,8,0,3,NA,NA,"South Delta"
75,2014,11,11,5,7.29090909090909,49.1818181818182,"South Delta"
75,2015,87,56,12,6.56390804597701,38.7931034482759,"South Delta"
75,2017,28,0,7,NA,NA,"South Delta"
75,2018,48,39,7,7.51166666666667,32.75,"South Delta"
75,2021,11,4,5,12.76,64.6,"South Delta"
75,2022,78,62,7,6.82424242424242,46.0606060606061,"South Delta"
75,2025,46,33,6,6.75833333333333,33.4722222222222,"South Delta"
77,1974,1035,776,26,13.5380676328502,NA,"South Delta"
77,1984,579,432,26,12.4333333333333,75.9393939393939,"South Delta"
77,1991,893,816,27,13.7706606942889,73.0704441041348,"South Delta"
77,2001,224,176,18,12.9830357142857,64.7991071428571,"South Delta"
77,2002,176,154,21,13.6094318181818,66.5681818181818,"South Delta"
77,2003,149,122,17,10.0077181208054,50.3605442176871,"South Delta"
77,2004,224,182,22,9.8146875,54.7276785714286,"South Delta"
77,2005,257,190,20,11.2893774319066,58.4212598425197,"South Delta"
77,2009,85,73,18,8.65494117647059,51.1785714285714,"South Delta"
77,2010,127,79,20,10.3930708661417,61.4152542372881,"South Delta"
77,2011,123,96,15,9.22813008130081,53.2622950819672,"South Delta"
77,2012,94,65,15,8.41840425531915,49.1702127659574,"South Delta"
77,2013,268,222,18,7.97082089552239,51.7574626865672,"South Delta"
77,2014,139,115,16,9.50453237410072,52.158273381295,"South Delta"
77,2015,104,87,16,8.56778846153846,54.6153846153846,"South Delta"
77,2016,91,68,14,8.60626373626374,50.6483516483516,"South Delta"
77,2017,147,75,15,9.24824,54.256,"South Delta"
77,2018,74,61,16,7.19945945945946,46.2297297297297,"South Delta"
77,2019,143,114,20,8.87160839160839,55.034965034965,"South Delta"
77,2020,247,183,17,9.08128078817734,58.6059113300493,"South Delta"
77,2021,135,101,17,9.1,51.5865384615385,"South Delta"
77,2022,105,96,15,9.08877551020408,59.0612244897959,"South Delta"
77,2023,142,103,18,7.38455284552846,49.3414634146341,"South Delta"
77,2024,67,57,13,9.34745762711864,55.8305084745763,"South Delta"
77,2025,67,10,14,12.42,67.4,"South Delta"
79,1974,3163,2632,51,9.59054694909896,NA,"Southwest"
79,1984,2040,1440,54,8.65862745098039,64.1465798045603,"Southwest"
79,1991,3225,2709,62,9.78942635658915,69.6938997821351,"Southwest"
79,2001,860,736,48,9.74804651162791,62.1124121779859,"Southwest"
79,2002,998,864,48,8.58663326653307,54.7965931863727,"Southwest"
79,2003,509,457,42,8.17642436149312,48.2711198428291,"Southwest"
79,2004,827,737,35,7.63794437726723,45.1245465538089,"Southwest"
79,2005,766,646,34,7.98144908616188,50.4490861618799,"Southwest"
79,2008,83,82,12,6.62409638554217,46.2771084337349,"Southwest"
79,2009,500,332,34,7.52828,48.9618473895582,"Southwest"
79,2010,561,333,39,8.60595365418895,55.8630630630631,"Southwest"
79,2011,527,436,32,7.80918406072106,53.415559772296,"Southwest"
79,2012,639,356,42,7.77793427230047,52.9137931034483,"Southwest"
79,2013,692,492,33,6.91423410404624,43.1323529411765,"Southwest"
79,2014,456,325,31,6.99537170263789,47.5419664268585,"Southwest"
79,2015,647,426,32,7.5105572755418,50.438080495356,"Southwest"
79,2016,663,529,37,7.12012779552716,48.7667731629393,"Southwest"
79,2017,564,408,32,8.05526595744681,55.1312056737589,"Southwest"
79,2018,649,442,37,7.43858620689655,50.1810344827586,"Southwest"
79,2019,417,318,41,7.98426858513189,52.3836930455635,"Southwest"
79,2020,678,480,44,7.7861932938856,48.34516765286,"Southwest"
79,2021,498,349,30,7.02699724517906,48.9807162534435,"Southwest"
79,2022,541,389,36,8.28361445783132,56.0602409638554,"Southwest"
79,2023,507,324,33,8.77832369942197,61.393063583815,"Southwest"
79,2024,585,415,34,7.57768052516411,52.3654266958425,"Southwest"
79,2025,533,392,39,7.03928571428571,47.0190476190476,"Southwest"
81,1974,946,810,44,9.01395348837209,NA,"Northwest"
81,1984,563,368,42,8.91705150976909,66.198347107438,"Northwest"
81,1991,820,696,45,9.69463414634146,71.5059101654846,"Northwest"
81,2001,222,182,27,7.49797297297297,47.0135135135135,"Northwest"
81,2002,197,149,28,9.95055837563452,53.258883248731,"Northwest"
81,2003,109,76,16,9.09614678899083,52.2201834862385,"Northwest"
81,2004,226,184,21,8.1729203539823,47.5663716814159,"Northwest"
81,2005,245,205,19,6.15526530612245,41.5551020408163,"Northwest"
81,2009,233,193,22,5.60094420600858,39.4635193133047,"Northwest"
81,2010,105,83,20,8.69133333333333,52.5619047619048,"Northwest"
81,2011,207,147,28,8.04275362318841,52.7874396135266,"Northwest"
81,2012,120,78,21,8.17216666666667,47.9416666666667,"Northwest"
81,2013,128,107,16,7.250859375,44.1015625,"Northwest"
81,2014,161,120,20,6.30304347826087,37.2732919254658,"Northwest"
81,2015,184,87,11,6.88576923076923,41.8692307692308,"Northwest"
81,2016,108,17,13,7.77972222222222,50.6944444444444,"Northwest"
81,2017,216,140,28,7.96462962962963,53.4490740740741,"Northwest"
81,2018,199,160,31,7.50525252525253,46.1262626262626,"Northwest"
81,2019,230,146,24,6.634,42.4869565217391,"Northwest"
81,2020,149,107,16,8.07435897435897,56.2307692307692,"Northwest"
81,2021,172,149,22,7.006,47.6133333333333,"Northwest"
81,2022,110,96,7,8.5009900990099,55.7821782178218,"Northwest"
81,2023,109,77,17,8.12564102564103,50.2564102564103,"Northwest"
81,2024,85,67,22,9.95066666666667,58.4133333333333,"Northwest"
81,2025,179,158,24,7.67701863354037,47.9689440993789,"Northwest"
83,1974,439,269,28,12.1480637813212,NA,"North Delta"
83,1984,159,67,19,10.3471698113208,69.2166666666667,"North Delta"
83,1991,121,108,20,11.9512396694215,69.0253164556962,"North Delta"
83,2001,96,82,12,8.91958333333333,51.7708333333333,"North Delta"
83,2002,25,22,6,17.0632,76,"North Delta"
83,2003,58,47,6,11.3391379310345,56.6379310344828,"North Delta"
83,2004,12,12,6,10.4083333333333,61.8333333333333,"North Delta"
83,2005,13,13,6,7.90769230769231,55.6153846153846,"North Delta"
83,2008,35,34,10,9.28857142857143,49.4857142857143,"North Delta"
83,2009,88,69,13,7.86261363636364,41.0568181818182,"North Delta"
83,2010,47,27,9,11.0187234042553,64.9333333333333,"North Delta"
83,2011,19,18,7,2.55105263157895,18.8947368421053,"North Delta"
83,2013,76,75,15,6.43026315789474,35.4342105263158,"North Delta"
83,2014,19,17,6,11.2052631578947,58.3684210526316,"North Delta"
83,2015,48,45,14,7.38583333333333,48.2708333333333,"North Delta"
83,2016,47,18,14,9.82290322580645,47.6774193548387,"North Delta"
83,2017,56,37,10,4.9,31.6052631578947,"North Delta"
83,2019,66,47,8,7.86265625,47.859375,"North Delta"
83,2020,148,144,17,5.75103448275862,34.2137931034483,"North Delta"
83,2021,32,27,10,8.71071428571429,44.75,"North Delta"
83,2022,82,73,15,5.78783783783784,38.7297297297297,"North Delta"
83,2023,75,58,16,7.54166666666667,44.8833333333333,"North Delta"
83,2024,34,33,11,10.6970588235294,62.3823529411765,"North Delta"
85,1974,3267,2421,46,9.93905723905724,NA,"Southwest"
85,1984,1848,1270,46,8.24529220779221,66.4194444444445,"Southwest"
85,1991,2804,2251,51,7.73969329529244,69.9635099913119,"Southwest"
85,2001,740,595,35,7.21808108108108,48.4554054054054,"Southwest"
85,2002,671,533,29,7.17001490312966,46.0417287630402,"Southwest"
85,2003,523,458,34,8.7427724665392,55.7055449330784,"Southwest"
85,2004,606,530,37,8.38458745874587,54.536303630363,"Southwest"
85,2005,481,399,31,8.1118711018711,52.2557172557173,"Southwest"
85,2008,40,39,8,8.8125,59.375,"Southwest"
85,2009,344,233,32,8.03697674418605,53.4868804664723,"Southwest"
85,2010,479,367,26,7.14457202505219,47.2004175365344,"Southwest"
85,2011,580,334,28,7.51086206896552,49.9083044982699,"Southwest"
85,2012,459,323,31,7.43553376906318,48.276688453159,"Southwest"
85,2013,392,289,35,8.40627551020408,54.0892857142857,"Southwest"
85,2014,498,296,29,7.71102409638554,48.921686746988,"Southwest"
85,2015,323,131,26,8.20833333333333,51.9833333333333,"Southwest"
85,2016,419,329,33,7.55854415274463,50,"Southwest"
85,2017,702,574,20,6.86763532763533,47.2065527065527,"Southwest"
85,2018,486,379,33,7.55523711340206,52.940206185567,"Southwest"
85,2019,547,391,27,7.5119391634981,50.5399239543726,"Southwest"
85,2020,444,191,35,7.42512315270936,46.5615763546798,"Southwest"
85,2021,507,354,28,8.07621621621622,54.3216216216216,"Southwest"
85,2022,337,306,27,7.52716049382716,52.6820987654321,"Southwest"
85,2023,641,452,31,6.93974082073434,47.6565874730022,"Southwest"
85,2024,504,346,29,7.74558011049724,57.7955801104972,"Southwest"
85,2025,411,310,27,7.23793103448276,52.4075235109718,"Southwest"
87,2005,1,1,1,23.1,60,"South Delta"
87,2008,8,6,3,6.4875,33,"South Delta"
87,2015,21,17,4,6.741,34.65,"South Delta"
87,2022,30,21,4,5.1952380952381,32.3333333333333,"South Delta"
89,1974,583,481,17,10.5355060034305,NA,"South Delta"
89,1984,369,287,15,9.48943089430894,61.5081967213115,"South Delta"
89,1991,509,446,17,10.4777996070727,59.1834862385321,"South Delta"
89,2001,177,151,12,10.3767231638418,57.909604519774,"South Delta"
89,2002,32,28,8,17.883125,61.71875,"South Delta"
89,2003,39,37,6,7.41282051282051,46.025641025641,"South Delta"
89,2004,260,223,16,8.2935,47.4923076923077,"South Delta"
89,2005,60,49,3,8.30483333333333,50.4333333333333,"South Delta"
89,2008,24,21,4,9.15416666666667,52.7916666666667,"South Delta"
89,2009,81,55,11,9.05901234567901,50.9125,"South Delta"
89,2010,72,53,8,8.34114285714286,47.5294117647059,"South Delta"
89,2011,38,0,5,10.0060526315789,69,"South Delta"
89,2013,130,76,11,7.86284615384615,44.5625,"South Delta"
89,2014,119,94,7,8.05084033613445,48.2016806722689,"South Delta"
89,2015,57,33,3,6.9119298245614,42.4385964912281,"South Delta"
89,2016,122,54,14,8.22954545454546,45.8522727272727,"South Delta"
89,2019,31,0,6,NA,NA,"South Delta"
89,2020,116,65,10,8.61111111111111,41.6111111111111,"South Delta"
89,2021,113,44,7,8.275,51.0416666666667,"South Delta"
89,2022,49,24,3,4.988,33.32,"South Delta"
89,2023,52,41,15,8.04222222222222,47.2444444444444,"South Delta"
89,2024,91,72,13,5.28421052631579,30.3421052631579,"South Delta"
91,1974,1025,803,32,9.23765853658537,NA,"Southeast"
91,1984,573,416,36,8.65776614310646,65.7242798353909,"Southeast"
91,1991,862,748,39,9.49164733178654,71.9770114942529,"Southeast"
91,2001,159,122,22,7.20415094339623,47.0764331210191,"Southeast"
91,2002,228,191,26,9.06149122807018,56.3157894736842,"Southeast"
91,2003,151,108,18,9.16437086092715,54.9933774834437,"Southeast"
91,2004,173,131,20,8.32231213872832,53.3872832369942,"Southeast"
91,2005,350,295,19,7.438,47.8228571428571,"Southeast"
91,2008,96,92,15,6.66458333333333,44.21875,"Southeast"
91,2009,214,134,19,7.3438785046729,47.2663551401869,"Southeast"
91,2010,120,104,22,7.42716666666667,52.3,"Southeast"
91,2011,150,106,23,7.69826666666667,50.5733333333333,"Southeast"
91,2012,156,109,14,7.64711538461538,48.5436241610738,"Southeast"
91,2013,168,138,19,6.69636904761905,45.6369047619048,"Southeast"
91,2014,185,68,20,8.01983783783784,52.9621621621622,"Southeast"
91,2015,272,162,18,6.711875,46.3639705882353,"Southeast"
91,2016,150,95,18,7.22873333333333,51.2466666666667,"Southeast"
91,2017,92,23,14,6.50296296296296,39.3888888888889,"Southeast"
91,2018,183,140,19,7.86896174863388,52.9453551912568,"Southeast"
91,2019,178,134,19,8.29325842696629,53.6179775280899,"Southeast"
91,2020,247,109,21,7.1725,55.525,"Southeast"
91,2021,213,182,16,6.74072164948454,46.9948453608247,"Southeast"
91,2022,191,50,12,8.05294117647059,51.6274509803922,"Southeast"
91,2023,56,46,15,9.45714285714286,68.1020408163265,"Southeast"
91,2024,141,101,8,6.97899159663866,41.3949579831933,"Southeast"
91,2025,181,123,20,8.58030303030303,57.6060606060606,"Southeast"
93,1974,672,589,21,12.4666666666667,NA,"South Delta"
93,1984,370,283,17,12.0445945945946,68.3872180451128,"South Delta"
93,1991,580,542,16,13.7636206896552,66.6297786720322,"South Delta"
93,2001,33,12,8,10.6275757575758,55.0606060606061,"South Delta"
93,2002,54,53,6,11.595,55.962962962963,"South Delta"
93,2003,81,78,11,14.9295061728395,77.320987654321,"South Delta"
93,2004,153,108,11,11.761045751634,57.7385620915033,"South Delta"
93,2005,68,68,6,10.7529411764706,49.0588235294118,"South Delta"
93,2008,32,31,4,10.0625,61.0625,"South Delta"
93,2009,51,48,7,8.77117647058824,47.4705882352941,"South Delta"
93,2010,24,24,3,12.5583333333333,64.5833333333333,"South Delta"
93,2011,65,61,7,6.05630769230769,45.9230769230769,"South Delta"
93,2012,132,121,14,9.82659090909091,53.2272727272727,"South Delta"
93,2013,130,115,4,9.56984615384615,60.6384615384615,"South Delta"
93,2014,54,40,6,7.10487804878049,36.8292682926829,"South Delta"
93,2015,37,11,9,6.65666666666667,44.4166666666667,"South Delta"
93,2016,24,21,3,13.3270833333333,66.1666666666667,"South Delta"
93,2017,78,56,7,6.76576923076923,50.1538461538462,"South Delta"
93,2018,189,161,14,7.83724867724868,49.1322751322751,"South Delta"
93,2019,40,8,6,14.2994736842105,72.7368421052632,"South Delta"
93,2020,120,101,4,10.8952830188679,66.7169811320755,"South Delta"
93,2021,41,0,5,NA,NA,"South Delta"
93,2022,17,12,5,6.42307692307692,51.3846153846154,"South Delta"
93,2023,67,35,8,8.06363636363636,56.4772727272727,"South Delta"
93,2024,24,24,3,13.5958333333333,69.1666666666667,"South Delta"
93,2025,120,100,13,9.67264150943396,54.5754716981132,"South Delta"
95,1974,490,412,14,13.310612244898,NA,"South Delta"
95,1984,239,209,11,12.6217573221757,66.957671957672,"South Delta"
95,1991,363,322,13,11.7162534435262,60.177304964539,"South Delta"
95,2001,109,104,5,10.6876146788991,52.697247706422,"South Delta"
95,2002,28,27,2,8.95,54.2857142857143,"South Delta"
95,2003,103,98,15,8.94029126213592,52,"South Delta"
95,2004,16,0,3,11.524375,40,"South Delta"
95,2005,73,68,4,8.89972602739726,41.7397260273973,"South Delta"
95,2009,24,23,2,7.475,38.875,"South Delta"
95,2010,69,60,4,9.3336231884058,50.4347826086956,"South Delta"
95,2011,100,73,4,10.6309,45.4736842105263,"South Delta"
95,2013,133,113,15,8.55834586466165,49.8636363636364,"South Delta"
95,2014,44,44,6,7.49545454545455,48.8409090909091,"South Delta"
95,2015,42,1,4,5.6675,19.1666666666667,"South Delta"
95,2016,35,26,4,9.89885714285714,44,"South Delta"
95,2017,92,59,3,9.96953125,44.8125,"South Delta"
95,2018,15,0,2,NA,NA,"South Delta"
95,2019,28,25,2,7.70571428571429,36.25,"South Delta"
95,2020,137,89,15,8.63,49.03,"South Delta"
95,2021,69,38,7,5.88157894736842,37.8684210526316,"South Delta"
95,2022,36,33,4,10.4457142857143,60.0285714285714,"South Delta"
95,2023,88,76,4,10.1525,44.1375,"South Delta"
95,2024,22,21,3,10.9,62.4090909090909,"South Delta"
97,1974,1619,1237,40,12.7752316244595,NA,"South Delta"
97,1984,846,615,40,12.6881796690307,72.7878787878788,"South Delta"
97,1991,1209,1019,42,13.8446650124069,70.7394540942928,"South Delta"
97,2001,240,192,21,11.2610416666667,60.1302521008403,"South Delta"
97,2002,237,206,31,11.0523628691983,56.1856540084388,"South Delta"
97,2003,313,295,37,10.2368690095847,53.5974440894569,"South Delta"
97,2004,156,133,22,11.2782051282051,51.3910256410256,"South Delta"
97,2005,168,124,21,9.31220238095238,47.6287425149701,"South Delta"
97,2008,44,43,13,6.56136363636364,41.8181818181818,"South Delta"
97,2009,240,205,29,7.83175,46.4316239316239,"South Delta"
97,2010,203,174,24,8.55167487684729,52.6847290640394,"South Delta"
97,2011,236,205,23,7.48631355932203,46.6186440677966,"South Delta"
97,2012,121,89,22,7.43595041322314,43.8888888888889,"South Delta"
97,2013,168,153,22,8.85553571428571,52.562874251497,"South Delta"
97,2014,139,101,14,6.57553956834532,44.7482014388489,"South Delta"
97,2015,53,38,9,8.71269230769231,51.5,"South Delta"
97,2016,197,142,23,8.99344632768362,55.9774011299435,"South Delta"
97,2017,196,170,21,7.27933673469388,48.8724489795918,"South Delta"
97,2018,213,154,23,7.34231132075472,44.5377358490566,"South Delta"
97,2019,263,182,28,7.41945606694561,47.6317991631799,"South Delta"
97,2020,311,260,24,7.65225563909774,48.8345864661654,"South Delta"
97,2021,154,98,18,6.247,42.83,"South Delta"
97,2022,51,43,10,7.98809523809524,57.6190476190476,"South Delta"
97,2023,226,163,23,8.8810650887574,53.7988165680473,"South Delta"
97,2024,182,139,22,8.65878378378378,54.1081081081081,"South Delta"
97,2025,191,124,22,8.109375,48.375,"South Delta"
99,1974,1568,1381,26,12.2134566326531,NA,"South Delta"
99,1984,1000,856,25,11.931,58.9696169088507,"South Delta"
99,1991,1788,1656,30,14.4280201342282,63.5625814863103,"South Delta"
99,2001,181,161,16,11.1570718232044,61.0828729281768,"South Delta"
99,2002,395,332,24,12.4829113924051,54.8987341772152,"South Delta"
99,2003,190,171,15,9.04715789473684,52.3578947368421,"South Delta"
99,2004,81,69,12,11.6639506172839,63.1851851851852,"South Delta"
99,2005,353,304,21,12.3127195467422,60.5042492917847,"South Delta"
99,2008,210,207,11,9.37047619047619,51.0285714285714,"South Delta"
99,2009,158,139,16,9.06310126582279,46.2594936708861,"South Delta"
99,2010,231,211,13,10.2880519480519,57.9393939393939,"South Delta"
99,2011,279,246,18,9.54534050179211,52.4581818181818,"South Delta"
99,2012,275,235,21,8.67309090909091,48.7757352941176,"South Delta"
99,2013,322,254,20,8.80801242236025,51.1150159744409,"South Delta"
99,2014,100,87,7,9.4365,53.51,"South Delta"
99,2015,377,324,25,9.45930666666667,52.056,"South Delta"
99,2016,168,77,13,11.2491666666667,46.9404761904762,"South Delta"
99,2017,317,91,18,9.64491525423729,55.2796610169492,"South Delta"
99,2018,189,144,17,9.00198895027624,50.0718232044199,"South Delta"
99,2019,249,152,18,9.6004128440367,50.5183486238532,"South Delta"
99,2020,316,229,18,9.83539094650206,52.679012345679,"South Delta"
99,2021,174,149,14,11.1049689440994,57.8633540372671,"South Delta"
99,2022,386,267,27,9.60561403508772,56.5719298245614,"South Delta"
99,2023,157,126,16,10.4547445255474,49.9343065693431,"South Delta"
99,2024,108,98,8,12.5893203883495,60.0388349514563,"South Delta"
99,2025,247,203,18,10.1009433962264,53.7735849056604,"South Delta"
101,1974,1048,890,25,10.3955152671756,NA,"South Delta"
101,1984,563,482,27,8.80532859680284,55.3711656441718,"South Delta"
101,1991,725,636,24,9.94096551724138,57.6178343949045,"South Delta"
101,2001,223,194,20,9.8872197309417,51.1076233183856,"South Delta"
101,2002,26,21,4,7.71,33.3846153846154,"South Delta"
101,2003,291,273,14,9.24508591065292,50.6838487972509,"South Delta"
101,2004,99,87,11,7.76444444444444,49.8585858585859,"South Delta"
101,2005,218,155,11,10.298623853211,53.405,"South Delta"
101,2008,164,161,9,7.13048780487805,45.0121951219512,"South Delta"
101,2009,349,303,17,8.83206303724928,52.9910179640719,"South Delta"
101,2010,68,64,6,7.34558823529412,37.0147058823529,"South Delta"
101,2011,152,140,21,8.40151315789474,50.5065789473684,"South Delta"
101,2012,87,68,5,9.33632183908046,51.6760563380282,"South Delta"
101,2013,153,90,16,8.53875816993464,50.5205479452055,"South Delta"
101,2014,171,145,11,8.34356725146199,43.6081871345029,"South Delta"
101,2015,125,61,7,8.67763157894737,49.8157894736842,"South Delta"
101,2016,181,111,15,10.0305737704918,52.1229508196721,"South Delta"
101,2017,94,77,18,8.23744444444444,50.3444444444444,"South Delta"
101,2018,65,59,6,9.98553846153846,50.3076923076923,"South Delta"
101,2019,309,168,16,8.33536036036036,48.3243243243243,"South Delta"
101,2020,115,70,15,9.26486486486487,55.027027027027,"South Delta"
101,2021,184,88,11,8.377,40.22,"South Delta"
101,2022,126,66,7,8.52307692307692,45.8846153846154,"South Delta"
101,2023,197,146,20,8.82057142857143,50.0971428571429,"South Delta"
101,2024,32,21,2,11.472,52.52,"South Delta"
101,2025,67,55,4,9.02068965517241,46.448275862069,"South Delta"
103,1974,1622,1395,41,10.021085080148,NA,"Southeast"
103,1984,996,803,43,9.7640562248996,63.1626712328767,"Southeast"
103,1991,1551,1377,50,10.7144422952934,66.5187265917603,"Southeast"
103,2001,433,344,24,9.05898383371824,51.2976744186047,"Southeast"
103,2002,398,367,37,7.84301507537688,49.1608040201005,"Southeast"
103,2003,339,290,30,8.50274336283186,50.1750741839763,"Southeast"
103,2004,285,242,28,8.56533333333333,48.5052631578947,"Southeast"
103,2005,453,392,33,10.0758057395143,53.0573951434879,"Southeast"
103,2008,77,72,8,9.42727272727273,62.2597402597403,"Southeast"
103,2009,405,304,25,7.14540740740741,44.4713216957606,"Southeast"
103,2010,122,90,21,7.45065573770492,47.5701754385965,"Southeast"
103,2011,300,165,32,7.98186666666667,46.6,"Southeast"
103,2012,362,262,28,6.78419889502762,43.5927977839335,"Southeast"
103,2013,80,52,15,9.85125,54.9493670886076,"Southeast"
103,2014,391,291,25,7.57334217506631,48.8355437665782,"Southeast"
103,2015,350,256,29,9.68947214076246,54.900293255132,"Southeast"
103,2016,151,112,18,8.27549668874172,53.6490066225166,"Southeast"
103,2017,279,155,24,7.62948717948718,48.6153846153846,"Southeast"
103,2018,356,306,32,6.87202247191011,46.6685393258427,"Southeast"
103,2019,422,242,24,7.76359249329759,51.4798927613941,"Southeast"
103,2020,76,63,15,7.84920634920635,48.4285714285714,"Southeast"
103,2021,438,327,28,7.65739130434783,54.0811594202899,"Southeast"
103,2022,330,266,30,9.32338129496403,55.8201438848921,"Southeast"
103,2023,317,279,30,7.56677966101695,49.8237288135593,"Southeast"
103,2024,105,82,15,7.72941176470588,45.9558823529412,"Southeast"
103,2025,329,236,25,7.3238683127572,48.9835390946502,"Southeast"
105,1974,1809,1501,38,10.0968490878939,NA,"Southeast"
105,1984,997,727,40,9.52417251755266,63.2346153846154,"Southeast"
105,1991,1491,1226,48,9.85472837022133,64.8668280871671,"Southeast"
105,2001,570,531,30,7.78675438596491,50.4182776801406,"Southeast"
105,2002,340,313,35,8.58252941176471,48.1647058823529,"Southeast"
105,2003,247,186,25,6.93259109311741,44.3770491803279,"Southeast"
105,2004,855,751,39,8.2260350877193,52.3313679245283,"Southeast"
105,2005,388,360,30,8.56301546391753,53.270618556701,"Southeast"
105,2009,206,185,26,7.49111650485437,47.9271844660194,"Southeast"
105,2010,442,355,24,7.24886877828054,46.7963800904977,"Southeast"
105,2011,411,262,30,7.47357664233577,49.3251231527094,"Southeast"
105,2012,174,116,17,7.17063218390805,46.3563218390805,"Southeast"
105,2013,180,134,25,6.92581005586592,43.6271186440678,"Southeast"
105,2014,779,426,23,7.09695763799743,48.418485237484,"Southeast"
105,2015,315,128,28,8.16194444444444,54.3287037037037,"Southeast"
105,2016,417,353,23,7.00321342925659,47.8968824940048,"Southeast"
105,2017,464,411,25,7.26933189655172,50.3577586206897,"Southeast"
105,2018,255,211,31,8.05670588235294,54.7607843137255,"Southeast"
105,2019,169,60,21,8.74222222222222,47.2716049382716,"Southeast"
105,2020,240,186,23,6.95051546391753,51.1134020618557,"Southeast"
105,2021,639,474,22,7.4396484375,51.703125,"Southeast"
105,2022,228,189,25,8.32536585365854,50.3073170731707,"Southeast"
105,2023,515,323,24,7.10560224089636,52.6274509803922,"Southeast"
105,2024,367,301,23,7.79153094462541,51.2508143322476,"Southeast"
105,2025,240,189,24,8.45772727272727,57.5090909090909,"Southeast"
107,1974,1080,782,32,12.4264814814815,NA,"North Delta"
107,1984,455,279,27,11.8793406593407,75.1687242798354,"North Delta"
107,1991,620,509,31,13.4935483870968,77.134703196347,"North Delta"
107,2001,209,194,20,9.73918660287081,54.3923444976077,"North Delta"
107,2002,24,24,7,14.4458333333333,69.3333333333333,"North Delta"
107,2003,147,115,17,10.6438775510204,64.9928057553957,"North Delta"
107,2004,86,67,17,12.8155813953488,65.6627906976744,"North Delta"
107,2005,63,57,15,11.2685714285714,65.2857142857143,"North Delta"
107,2008,51,48,10,9.29411764705882,57.7843137254902,"North Delta"
107,2009,84,71,14,8.94047619047619,53.8095238095238,"North Delta"
107,2010,163,118,22,9.3959509202454,53.6625766871166,"North Delta"
107,2011,65,52,16,7.99969230769231,45.2258064516129,"North Delta"
107,2012,69,65,16,5.68898550724638,34.3768115942029,"North Delta"
107,2013,99,55,16,10.9489898989899,64.4949494949495,"North Delta"
107,2014,55,48,15,9.48444444444444,51.4444444444444,"North Delta"
107,2015,63,51,19,11.2146666666667,62.65,"North Delta"
107,2016,153,129,20,7.80411764705882,44.843137254902,"North Delta"
107,2017,149,129,19,8.79127516778524,48.7986577181208,"North Delta"
107,2018,86,74,15,8.17709302325581,52.8953488372093,"North Delta"
107,2019,142,108,18,6.94035971223022,42.0647482014388,"North Delta"
107,2020,128,113,20,9.53304347826087,59.8782608695652,"North Delta"
107,2021,61,45,15,10.4276595744681,52.3191489361702,"North Delta"
107,2022,53,48,15,12.43125,65.0416666666667,"North Delta"
107,2023,263,225,26,7.40948275862069,45.8706896551724,"North Delta"
107,2024,127,96,17,8.155,48.75,"North Delta"
107,2025,123,122,11,7.42295081967213,47.7868852459016,"North Delta"
109,1974,762,679,20,13.0964566929134,NA,"South Delta"
109,1984,459,349,15,11.3448801742919,64.4723127035831,"South Delta"
109,1991,632,566,18,12.6167721518987,64.3799212598425,"South Delta"
109,2001,121,105,12,11.0026446280992,60.6776859504132,"South Delta"
109,2002,133,124,12,11.7275187969925,61.3759398496241,"South Delta"
109,2003,84,66,9,9.19869047619048,47.7738095238095,"South Delta"
109,2004,42,33,7,11.4266666666667,57.2380952380952,"South Delta"
109,2005,125,111,9,10.56328,62.136,"South Delta"
109,2008,24,22,3,10.3333333333333,44.25,"South Delta"
109,2009,44,16,5,11.9952272727273,66.2272727272727,"South Delta"
109,2010,11,2,2,9.54545454545454,55.9090909090909,"South Delta"
109,2011,131,98,12,11.6632061068702,57.7328244274809,"South Delta"
109,2012,153,131,13,6.85294117647059,39.2614379084967,"South Delta"
109,2013,27,27,2,7.23333333333333,37.1851851851852,"South Delta"
109,2014,50,45,4,9.34183673469388,58.0204081632653,"South Delta"
109,2015,153,91,4,8.20434782608696,56.4021739130435,"South Delta"
109,2016,8,0,2,NA,NA,"South Delta"
109,2017,104,61,11,11.0628735632184,58.7126436781609,"South Delta"
109,2018,104,92,9,7.58230769230769,45.6730769230769,"South Delta"
109,2019,191,160,8,6.30251308900524,40.2565445026178,"South Delta"
109,2020,34,29,2,7.86206896551724,40.1034482758621,"South Delta"
109,2021,85,56,5,10.0758620689655,53,"South Delta"
109,2022,153,144,7,8.448,53.9466666666667,"South Delta"
109,2023,100,71,11,9.80681818181818,52.4659090909091,"South Delta"
109,2025,144,99,12,7.49714285714286,46.7714285714286,"South Delta"
111,1974,2766,2230,44,9.31569052783803,NA,"Northwest"
111,1984,1775,1352,47,8.04264788732394,65.0677966101695,"Northwest"
111,1991,2682,2232,55,8.6785980611484,68.5271779597915,"Northwest"
111,2001,721,546,42,7.836625,49.0626740947075,"Northwest"
111,2002,461,340,28,9.75750542299349,59.3783185840708,"Northwest"
111,2003,433,335,32,8.93,50.9538106235566,"Northwest"
111,2004,486,312,34,7.44257731958763,44.8082474226804,"Northwest"
111,2005,485,348,34,8.54585567010309,52.7422680412371,"Northwest"
111,2009,298,232,28,8.23520134228188,48.9569892473118,"Northwest"
111,2010,579,439,27,6.9686701208981,46.594127806563,"Northwest"
111,2011,557,458,41,7.26290843806104,46.262118491921,"Northwest"
111,2012,394,312,31,7.24921319796954,48.9948849104859,"Northwest"
111,2013,556,431,27,6.64194244604317,44.3893967093236,"Northwest"
111,2014,318,219,21,6.38274436090226,39.5902255639098,"Northwest"
111,2015,373,272,29,6.35671469740634,43.7723342939481,"Northwest"
111,2016,532,342,26,7.21029598308668,51.4482029598309,"Northwest"
111,2017,481,303,40,7.24976545842217,45.1236673773987,"Northwest"
111,2018,449,233,28,7.27985221674877,48.3669950738916,"Northwest"
111,2019,477,365,34,8.33558498896247,51.3995584988962,"Northwest"
111,2020,620,372,29,7.3203125,50.1640625,"Northwest"
111,2021,496,426,28,6.72935779816514,45.5206422018349,"Northwest"
111,2022,377,188,28,7.55360824742268,49.7164948453608,"Northwest"
111,2023,514,396,37,6.55886699507389,44.2192118226601,"Northwest"
111,2024,353,294,22,8.77,57.1838709677419,"Northwest"
111,2025,451,355,22,7.27238605898123,48.3887399463807,"Northwest"
113,1974,72,66,8,11.6736111111111,NA,"South Delta"
113,1984,61,56,8,11.1131147540984,61.0625,"South Delta"
113,1991,88,75,12,11.8863636363636,70.0151515151515,"South Delta"
113,2001,31,22,5,9.15774193548387,46.6129032258064,"South Delta"
113,2002,24,22,5,11.1833333333333,56.1666666666667,"South Delta"
113,2003,1,0,1,7.2,52,"South Delta"
113,2010,34,34,6,3.60588235294118,30.7058823529412,"South Delta"
113,2012,13,0,6,11.4838461538462,57.8461538461538,"South Delta"
113,2013,14,14,3,3.62142857142857,21.5,"South Delta"
113,2016,57,46,7,5.04754385964912,39.0701754385965,"South Delta"
113,2020,14,0,3,NA,NA,"South Delta"
113,2024,60,17,7,8.53888888888889,46.2777777777778,"South Delta"
113,2025,9,9,3,6.97777777777778,38.8888888888889,"South Delta"
115,1974,3777,3334,47,8.52112787926926,NA,"Southwest"
115,1984,2427,1817,47,8.14037906880923,60.2554347826087,"Southwest"
115,1991,4021,3346,52,8.4775926386471,64.431640625,"Southwest"
115,2001,955,823,37,8.16547643979058,51.8931937172775,"Southwest"
115,2002,957,847,33,7.03599791013584,45.8725182863114,"Southwest"
115,2003,1058,918,35,7.09982986767486,48.6975425330813,"Southwest"
115,2004,1049,893,37,8.01755004766444,48.9027645376549,"Southwest"
115,2005,900,757,34,8.84225555555556,55.2955555555556,"Southwest"
115,2008,30,28,10,10.64,59.7333333333333,"Southwest"
115,2009,1104,862,30,6.98376811594203,47.9056261343013,"Southwest"
115,2010,727,598,32,7.22294360385144,48.2339832869081,"Southwest"
115,2011,813,478,34,7.78057810578106,52.0086848635236,"Southwest"
115,2012,670,518,34,7.90553731343284,52.1796407185629,"Southwest"
115,2013,685,514,32,7.44436496350365,50.1967694566814,"Southwest"
115,2014,748,495,35,7.27434899328859,47.5409395973154,"Southwest"
115,2015,448,279,24,7.61826873385013,50.5348837209302,"Southwest"
115,2016,743,508,30,7.40409153952843,51.1026352288488,"Southwest"
115,2017,664,565,34,7.24360554699538,50.9522342064715,"Southwest"
115,2018,1025,662,31,8.03233,56.075,"Southwest"
115,2019,828,454,38,8.41967581047382,53.2381546134663,"Southwest"
115,2020,733,538,34,8.01346153846154,54.513986013986,"Southwest"
115,2021,749,547,36,7.55077720207254,49.853195164076,"Southwest"
115,2022,597,503,23,7.80973282442748,50.925572519084,"Southwest"
115,2023,647,388,34,7.34004854368932,49.9854368932039,"Southwest"
115,2024,790,506,33,7.09815498154982,49.6531365313653,"Southwest"
115,2025,590,384,30,8.26626213592233,53.7014563106796,"Southwest"
117,1974,1575,1138,41,9.7512380952381,NA,"Southeast"
117,1984,950,739,48,7.92452631578947,64.911838790932,"Southeast"
117,1991,1651,1379,51,7.6580254391278,63.0386206896552,"Southeast"
117,2001,333,273,25,8.94903903903904,58.993993993994,"Southeast"
117,2002,330,263,30,7.06284848484848,47.2333333333333,"Southeast"
117,2003,245,205,22,7.0954693877551,49.4734693877551,"Southeast"
117,2004,419,259,41,7.78498806682578,50.011961722488,"Southeast"
117,2005,427,320,32,7.98093676814988,48.5550351288056,"Southeast"
117,2009,110,76,7,7.22236363636364,46.2272727272727,"Southeast"
117,2010,270,200,25,6.90937037037037,43.1181102362205,"Southeast"
117,2011,425,307,22,7.44329411764706,48.2847058823529,"Southeast"
117,2012,261,101,17,7.09367816091954,47.4942528735632,"Southeast"
117,2013,416,267,33,7.02436144578313,47.6674698795181,"Southeast"
117,2014,315,253,31,6.97695238095238,44.431746031746,"Southeast"
117,2015,415,267,31,7.40538258575198,46.8575197889182,"Southeast"
117,2016,282,241,22,7.13148936170213,48.2730496453901,"Southeast"
117,2017,301,238,14,7.04772575250836,47.4983277591973,"Southeast"
117,2018,268,159,16,7.49350194552529,53.9105058365759,"Southeast"
117,2019,255,206,16,7.54891129032258,49.9758064516129,"Southeast"
117,2020,402,231,27,7.47570850202429,52.7125506072874,"Southeast"
117,2021,299,210,32,9.05700934579439,59.5233644859813,"Southeast"
117,2022,347,225,30,8.25404255319149,53.2808510638298,"Southeast"
117,2023,265,189,15,8.24010416666667,56.7864583333333,"Southeast"
117,2024,273,105,23,7.95258620689655,56.2155172413793,"Southeast"
117,2025,206,104,18,8.09065420560748,58.3177570093458,"Southeast"
119,1974,1808,1504,42,8.69153761061947,NA,"Northwest"
119,1984,1134,831,43,7.8462962962963,66.2347826086957,"Northwest"
119,1991,1653,1364,54,8.87894736842105,71.4755403868032,"Northwest"
119,2001,670,601,34,7.65746268656716,48.8880597014925,"Northwest"
119,2002,234,184,27,8.81452991452992,53.3034188034188,"Northwest"
119,2003,253,205,32,9.08407114624506,55.3122529644269,"Northwest"
119,2004,438,315,26,6.6408904109589,42.5547945205479,"Northwest"
119,2005,316,262,20,7.78322784810127,45.6075949367089,"Northwest"
119,2008,46,45,14,8.58695652173913,54.7608695652174,"Northwest"
119,2009,238,128,25,8.25214285714286,50.172268907563,"Northwest"
119,2010,380,295,25,7.36147368421053,48.0394736842105,"Northwest"
119,2011,346,218,30,8.22812138728324,50.7609329446064,"Northwest"
119,2012,148,140,22,8.77168918918919,59.0608108108108,"Northwest"
119,2013,357,276,29,6.1521568627451,43.5126050420168,"Northwest"
119,2014,336,259,22,6.5742904290429,48.1023102310231,"Northwest"
119,2015,289,169,18,7.57294117647059,48.3702422145329,"Northwest"
119,2016,366,319,22,7.6596174863388,50.5491803278689,"Northwest"
119,2017,362,198,23,7.92975308641975,54.4969135802469,"Northwest"
119,2018,208,168,25,8.38125,54.7259615384615,"Northwest"
119,2019,171,118,32,8.02625730994152,52.5789473684211,"Northwest"
119,2020,372,238,34,6.96324110671937,49.4347826086956,"Northwest"
119,2021,333,143,22,7.37354838709677,52.658064516129,"Northwest"
119,2022,229,154,22,8.81273885350318,57.4777070063694,"Northwest"
119,2023,526,437,20,7.74577006507592,53.3145336225597,"Northwest"
119,2024,212,185,25,8.44666666666667,54.0820512820513,"Northwest"
119,2025,227,171,25,8.04189944134078,54.2793296089385,"Northwest"
121,1974,401,299,24,13.64463840399,NA,"South Delta"
121,1984,198,154,20,13.1166666666667,66.6029411764706,"South Delta"
121,1991,281,218,21,14.7729537366548,69.7384615384615,"South Delta"
121,2001,123,108,18,10.6249593495935,58.4959349593496,"South Delta"
121,2002,63,60,13,11.0630158730159,60.5555555555556,"South Delta"
121,2003,9,9,4,10.6333333333333,55.8888888888889,"South Delta"
121,2004,68,60,9,13.3489705882353,61.4852941176471,"South Delta"
121,2005,23,23,8,9.14782608695652,42.2608695652174,"South Delta"
121,2009,21,18,6,9.76666666666667,58.7619047619048,"South Delta"
121,2010,29,22,9,10.6803448275862,55.8571428571429,"South Delta"
121,2011,67,45,13,9.91791044776119,55.4328358208955,"South Delta"
121,2012,87,62,12,5.33988505747126,38.551724137931,"South Delta"
121,2014,37,17,7,9.44081081081081,47.3513513513514,"South Delta"
121,2015,34,30,9,9.76147058823529,49.1470588235294,"South Delta"
121,2016,36,28,9,9.78916666666667,52.4444444444444,"South Delta"
121,2017,25,18,8,9.608,50.32,"South Delta"
121,2018,104,72,13,5.55423076923077,43.7211538461538,"South Delta"
121,2019,8,8,4,14.225,62.625,"South Delta"
121,2020,34,27,8,10.2851851851852,61.037037037037,"South Delta"
121,2021,52,52,10,6.69038461538462,49.6153846153846,"South Delta"
121,2022,32,26,9,11.9037037037037,64.1851851851852,"South Delta"
121,2023,35,25,8,8.016,52.92,"South Delta"
121,2024,31,22,8,10.0130434782609,58.4782608695652,"South Delta"
121,2025,61,47,11,6.32,50.92,"South Delta"
123,1974,170,46,25,13.0976470588235,NA,"North Delta"
123,1984,25,11,12,9.632,53.2222222222222,"North Delta"
123,1991,29,28,8,11.3137931034483,53.2692307692308,"North Delta"
123,2001,17,17,6,8.23529411764706,47.0588235294118,"North Delta"
123,2002,31,20,7,10.4712903225806,46.4516129032258,"North Delta"
123,2003,7,7,5,14.5857142857143,59.1428571428571,"North Delta"
123,2004,1,1,1,2.5,20,"North Delta"
123,2005,10,10,5,8.22,47.5,"North Delta"
123,2010,38,36,8,6.76447368421053,40.1052631578947,"North Delta"
123,2011,17,15,1,12.2388235294118,63.2941176470588,"North Delta"
123,2012,13,12,7,9.79,40.9230769230769,"North Delta"
123,2014,10,9,5,9.175,51.7,"North Delta"
123,2015,49,48,16,7.27836734693878,45.1020408163265,"North Delta"
123,2016,43,38,8,6.91209302325581,41.8372093023256,"North Delta"
123,2017,36,34,8,5.32083333333333,36.8611111111111,"North Delta"
123,2018,32,31,7,10.0303125,55.96875,"North Delta"
123,2019,27,26,11,6.75222222222222,35.2592592592593,"North Delta"
123,2021,49,46,8,7.29130434782609,38.7608695652174,"North Delta"
123,2022,65,24,17,7.55769230769231,41.6153846153846,"North Delta"
123,2024,95,83,12,7.08735632183908,44.8045977011494,"North Delta"
123,2025,52,49,11,8.97115384615385,52.8653846153846,"North Delta"
125,1974,899,759,47,13.4466073414905,NA,"South Delta"
125,1984,523,435,47,11.0414913957935,72.8253968253968,"South Delta"
125,1991,929,818,51,13.7127018299247,76.8525641025641,"South Delta"
125,2001,506,443,45,11.016837944664,62.8241106719368,"South Delta"
125,2002,125,102,21,12.65192,61.72,"South Delta"
125,2003,169,137,30,11.1660946745562,58.0295857988166,"South Delta"
125,2004,25,25,4,5.956,37.56,"South Delta"
125,2005,118,94,23,8.41220338983051,48.3305084745763,"South Delta"
125,2009,107,93,21,10.0427102803738,59.5607476635514,"South Delta"
125,2010,146,122,16,8.35424657534247,61.3034482758621,"South Delta"
125,2011,264,197,33,10.5606060606061,58.8787878787879,"South Delta"
125,2012,85,73,21,11.2096470588235,61.7411764705882,"South Delta"
125,2013,94,89,13,6.27074468085106,46.0425531914894,"South Delta"
125,2014,73,14,12,7.07366666666667,43.6,"South Delta"
125,2015,75,57,19,6.8652,44.4666666666667,"South Delta"
125,2016,204,154,25,8.39696078431373,60.1764705882353,"South Delta"
125,2017,95,58,18,9.32089887640449,59.0898876404494,"South Delta"
125,2018,118,65,20,11.6168131868132,62.6593406593407,"South Delta"
125,2019,43,39,14,9.98883720930232,58.4651162790698,"South Delta"
125,2020,250,194,31,10.2995238095238,63.9666666666667,"South Delta"
125,2021,57,40,9,10.325,72.7727272727273,"South Delta"
125,2022,76,37,16,8.34871794871795,50.4358974358974,"South Delta"
125,2023,140,122,21,8.83153846153846,58.6307692307692,"South Delta"
125,2024,103,47,17,10.6191489361702,68.2765957446808,"South Delta"
125,2025,57,32,13,9.96176470588235,55.0588235294118,"South Delta"
127,1974,3597,2949,45,10.5020016680567,NA,"Northwest"
127,1984,2406,1676,51,8.51172069825436,69.5566666666667,"Northwest"
127,1991,3934,3309,61,7.82900355871886,68.2407621247113,"Northwest"
127,2001,1044,888,45,8.11515325670498,52.8927203065134,"Northwest"
127,2002,973,842,35,7.85253854059609,50.9167523124358,"Northwest"
127,2003,627,563,24,7.51574162679426,49.0271132376396,"Northwest"
127,2004,856,707,42,8.23378504672897,53.3656542056075,"Northwest"
127,2005,963,699,42,7.71245067497404,49.0982048574446,"Northwest"
127,2008,75,75,9,4.34666666666667,37.08,"Northwest"
127,2009,606,325,33,7.49737623762376,49.0379537953795,"Northwest"
127,2010,524,375,27,7.58952290076336,48.4885496183206,"Northwest"
127,2011,896,595,37,7.72737723214286,53.140782122905,"Northwest"
127,2012,439,286,29,7.52628701594533,54.8473804100228,"Northwest"
127,2013,598,379,29,7.41088628762542,47.3177257525084,"Northwest"
127,2014,672,505,39,8.37161585365854,55.3551829268293,"Northwest"
127,2015,759,520,34,7.65761904761905,50.1706349206349,"Northwest"
127,2016,421,254,31,7.89158150851581,51.0194647201946,"Northwest"
127,2017,905,717,35,7.97180910099889,53.7103218645949,"Northwest"
127,2018,562,355,37,7.72540106951872,49.1978609625668,"Northwest"
127,2019,389,263,26,7.86038759689922,56.5219638242894,"Northwest"
127,2020,629,346,30,7.96422535211268,51.5352112676056,"Northwest"
127,2021,706,515,42,8.28878504672897,58.7682242990654,"Northwest"
127,2022,642,393,32,8.21002331002331,54.5617715617716,"Northwest"
127,2023,695,492,39,8.73038461538462,56.0173076923077,"Northwest"
127,2024,540,376,25,7.97263427109974,54.9565217391304,"Northwest"
127,2025,527,447,35,7.73187772925764,50.1681222707424,"Northwest"
