"","year","plot","diameter","height","species","status","height_m","diameter_cm"
"1",2023,16,5.5,33,"Quercus texana",1,10.0584,13.97
"2",2023,16,5.1,33,"Quercus texana",1,10.0584,12.954
"3",2023,16,5.4,35,"Quercus texana",1,10.668,13.716
"4",2023,16,5,30,"Quercus texana",1,9.144,12.7
"5",2023,16,5.8,28,"Quercus texana",1,8.5344,14.732
"6",2023,16,2.2,23,"Quercus texana",1,7.0104,5.588
"7",2023,7,8.1,41,"Quercus texana",1,12.4968,20.574
"8",2023,7,7.9,48,"Quercus texana",1,14.6304,20.066
"9",2023,7,6.1,40,"Quercus texana",1,12.192,15.494
"10",2023,7,5.7,42,"Quercus texana",1,12.8016,14.478
"11",2023,7,7.1,46,"Quercus texana",1,14.0208,18.034
"12",2023,7,6.2,41,"Quercus texana",1,12.4968,15.748
"13",2023,7,7.9,50,"Quercus texana",1,15.24,20.066
"14",2023,7,5.9,46,"Quercus texana",1,14.0208,14.986
"15",2023,14,6.1,35,"Quercus texana",1,10.668,15.494
"16",2023,14,7.7,40,"Quercus texana",1,12.192,19.558
"17",2023,14,10.1,48,"Quercus texana",1,14.6304,25.654
"18",2023,14,10.3,45,"Quercus texana",1,13.716,26.162
"19",2023,14,4.6,24,"Ulmus americana",1,7.3152,11.684
"20",2023,14,9.1,42,"Quercus texana",1,12.8016,23.114
"21",2023,18,19.3,96,"Quercus texana",1,29.2608,49.022
"22",2023,18,22.1,92,"Quercus texana",1,28.0416,56.134
"23",2023,18,NA,NA,"Ulmus americana",2,NA,NA
"24",2023,24,6.4,56,"Ulmus americana",1,17.0688,16.256
"25",2023,24,5.3,41,"Ulmus americana",1,12.4968,13.462
"26",2023,25,12.4,55,"Ulmus americana",1,16.764,31.496
"27",2023,27,5.5,35,"Quercus texana",1,10.668,13.97
"28",2023,27,5.4,37,"Quercus texana",1,11.2776,13.716
"29",2023,27,7.3,41,"Quercus texana",1,12.4968,18.542
"30",2023,27,5.8,37,"Quercus texana",1,11.2776,14.732
"31",2023,27,5.4,37,"Quercus texana",1,11.2776,13.716
"32",2023,27,5.6,37,"Quercus texana",1,11.2776,14.224
"33",2023,27,6,39,"Quercus texana",1,11.8872,15.24
"34",2023,27,7,41,"Quercus texana",1,12.4968,17.78
"35",2023,9,18,91,"Quercus texana",1,27.7368,45.72
"36",2023,23,7.9,41,"Ulmus americana",1,12.4968,20.066
"37",2023,23,11.8,57,"Ulmus americana",1,17.3736,29.972
"38",2023,15,7.5,51,"Ulmus americana",1,15.5448,19.05
"39",2023,38,10.1,45,"Ulmus americana",1,13.716,25.654
"40",2023,38,4.7,27,"Quercus texana",1,8.2296,11.938
"41",2023,5,NA,NA,"Ulmus americana",2,NA,NA
"42",2023,5,NA,NA,"Ulmus americana",2,NA,NA
"43",2023,5,NA,NA,"Ulmus americana",2,NA,NA
"44",2023,34,5.7,40,"Ulmus americana",1,12.192,14.478
"45",2023,34,8.4,50,"Ulmus americana",1,15.24,21.336
"46",2023,34,5.1,48,"Ulmus americana",1,14.6304,12.954
"47",2023,12,8.6,49,"Quercus texana",1,14.9352,21.844
"48",2023,12,6.2,45,"Quercus texana",1,13.716,15.748
"49",2023,12,8.4,48,"Quercus texana",1,14.6304,21.336
"50",2023,12,6.1,47,"Quercus texana",1,14.3256,15.494
"51",2023,13,4.7,30,"Ulmus americana",1,9.144,11.938
"52",2023,13,20.8,112,"Ulmus americana",1,34.1376,52.832
"53",2023,13,13.1,55,"Ulmus americana",2,16.764,33.274
"54",2023,13,NA,NA,"Ulmus americana",2,NA,NA
"55",2023,13,24.5,95,"Ulmus americana",1,28.956,62.23
"56",2023,13,18.1,102,"Ulmus americana",1,31.0896,45.974
"57",2023,30,NA,NA,"Ulmus americana",0,NA,NA
"58",2023,5,11.5,55,"Ulmus americana",1,16.764,29.21
"59",2023,5,5.5,43,"Ulmus americana",1,13.1064,13.97
"60",2023,5,7.8,51,"Ulmus americana",1,15.5448,19.812
"61",2023,5,6.5,45,"Ulmus americana",1,13.716,16.51
"62",2023,5,5.3,43,"Ulmus americana",1,13.1064,13.462
"63",2023,23,5.1,37,"Ulmus americana",1,11.2776,12.954
"64",2023,23,5.3,30,"Ulmus americana",1,9.144,13.462
"65",2023,27,8,50,"Ulmus americana",2,15.24,20.32
"66",2023,27,18.8,100,"Quercus texana",2,30.48,47.752
"67",2023,27,7,49,"Ulmus americana",2,14.9352,17.78
"68",2023,27,4,38,"Ulmus americana",1,11.5824,10.16
"69",2023,27,5.7,43,"Quercus texana",1,13.1064,14.478
"70",2023,27,26.3,105,"Quercus texana",1,32.004,66.802
"71",2023,27,17.5,102,"Quercus texana",1,31.0896,44.45
"72",2023,27,33.6,108,"Quercus texana",1,32.9184,85.344
"73",2023,30,5.6,41,"Ulmus americana",1,12.4968,14.224
"74",2023,40,5.4,35,"Ulmus americana",2,10.668,13.716
"75",2023,40,13.2,54,"Quercus texana",1,16.4592,33.528
"76",2023,16,17,75,"Ulmus americana",1,22.86,43.18
"77",2023,7,17.2,72,"Ulmus americana",1,21.9456,43.688
"78",2023,7,13.7,72,"Ulmus americana",1,21.9456,34.798
"79",2023,7,28.6,95,"Ulmus americana",1,28.956,72.644
"80",2023,7,30.9,100,"Quercus texana",1,30.48,78.486
"81",2023,11,2.6,29,"Ulmus americana",1,8.8392,6.604
"82",2023,11,4.9,40,"Ulmus americana",1,12.192,12.446
"83",2023,11,2.2,25,"Ulmus americana",1,7.62,5.588
"84",2023,11,7.4,46,"Ulmus americana",1,14.0208,18.796
"85",2023,13,5.7,37,"Ulmus americana",1,11.2776,14.478
"86",2023,21,5.9,39,"Ulmus americana",1,11.8872,14.986
"87",2023,21,6.7,55,"Ulmus americana",1,16.764,17.018
"88",2023,21,6.3,62,"Ulmus americana",1,18.8976,16.002
"89",2023,21,6.4,44,"Ulmus americana",1,13.4112,16.256
"90",2023,21,13.9,68,"Ulmus americana",1,20.7264,35.306
"91",2023,21,8,45,"Ulmus americana",1,13.716,20.32
"92",2023,21,1.8,25,"Ulmus americana",1,7.62,4.572
"93",2023,21,8.7,57,"Ulmus americana",1,17.3736,22.098
"94",2023,35,1.4,15,"Ulmus americana",1,4.572,3.556
"95",2023,35,5.8,45,"Ulmus americana",1,13.716,14.732
"96",2023,35,5.9,46,"Ulmus americana",1,14.0208,14.986
"97",2023,41,6.6,51,"Ulmus americana",1,15.5448,16.764
"98",2023,41,21.1,93,"Ulmus americana",1,28.3464,53.594
"99",2023,97,1.2,18,"Ulmus americana",1,5.4864,3.048
"100",2023,97,NA,NA,"Ulmus americana",2,NA,NA
"101",2023,97,1.4,31,"Ulmus americana",1,9.4488,3.556
"102",2023,97,3,31,"Ulmus americana",1,9.4488,7.62
"103",2023,97,1.2,23,"Ulmus americana",1,7.0104,3.048
"104",2023,97,1.3,23,"Ulmus americana",1,7.0104,3.302
"105",2023,97,2.2,36,"Ulmus americana",1,10.9728,5.588
"106",2023,97,1.6,22,"Ulmus americana",1,6.7056,4.064
"107",2023,97,2.8,36,"Ulmus americana",1,10.9728,7.112
"108",2023,97,2,32,"Ulmus americana",1,9.7536,5.08
"109",2023,97,1,20,"Ulmus americana",1,6.096,2.54
"110",2023,97,4.1,42,"Quercus texana",1,12.8016,10.414
"111",2023,97,4.1,41,"Ulmus americana",1,12.4968,10.414
"112",2023,97,2.3,39,"Ulmus americana",1,11.8872,5.842
"113",2023,97,5.1,40,"Quercus texana",1,12.192,12.954
"114",2023,97,12.4,66,"Ulmus americana",1,20.1168,31.496
"115",2023,97,1.1,15,"Ulmus americana",2,4.572,2.794
"116",2023,97,14.5,57,"Ulmus americana",1,17.3736,36.83
"117",2023,97,14.2,71,"Ulmus americana",1,21.6408,36.068
"118",2023,97,5.8,52,"Quercus texana",1,15.8496,14.732
"119",2023,51,NA,NA,"Ulmus americana",2,NA,NA
"120",2023,51,11.4,63,"Ulmus americana",1,19.2024,28.956
"121",2023,51,9.9,56,"Ulmus americana",1,17.0688,25.146
"122",2023,51,8,41,"Ulmus americana",1,12.4968,20.32
"123",2023,51,10.3,54,"Ulmus americana",1,16.4592,26.162
"124",2023,51,7.4,67,"Ulmus americana",1,20.4216,18.796
"125",2023,51,12.5,66,"Ulmus americana",1,20.1168,31.75
"126",2023,51,22.1,75,"Ulmus americana",1,22.86,56.134
"127",2023,9,5,33,"Ulmus americana",1,10.0584,12.7
"128",2023,11,5.8,38,"Ulmus americana",1,11.5824,14.732
"129",2023,11,1.9,26,"Ulmus americana",1,7.9248,4.826
"130",2023,11,1.4,23,"Ulmus americana",1,7.0104,3.556
"131",2023,36,2.4,27,"Ulmus americana",1,8.2296,6.096
"132",2023,36,7.1,54,"Ulmus americana",1,16.4592,18.034
"133",2023,36,5,41,"Ulmus americana",1,12.4968,12.7
"134",2023,41,3.1,34,"Ulmus americana",1,10.3632,7.874
"135",2023,41,7.4,63,"Ulmus americana",1,19.2024,18.796
"136",2023,41,6.5,46,"Ulmus americana",1,14.0208,16.51
"137",2023,41,1,18,"Ulmus americana",1,5.4864,2.54
"138",2023,41,2.3,27,"Ulmus americana",1,8.2296,5.842
"139",2023,41,5.5,47,"Ulmus americana",1,14.3256,13.97
"140",2023,41,5.2,44,"Ulmus americana",1,13.4112,13.208
"141",2023,41,1,17,"Ulmus americana",1,5.1816,2.54
"142",2023,43,5.3,44,"Quercus texana",1,13.4112,13.462
"143",2023,43,9.4,46,"Quercus texana",1,14.0208,23.876
"144",2023,43,3.8,37,"Ulmus americana",1,11.2776,9.652
"145",2023,12,15.1,50,"Ulmus americana",1,15.24,38.354
"146",2023,6,9.1,62,"Ulmus americana",1,18.8976,23.114
"147",2023,6,12.5,78,"Ulmus americana",1,23.7744,31.75
"148",2023,6,6.2,49,"Ulmus americana",1,14.9352,15.748
"149",2023,6,7.9,45,"Ulmus americana",1,13.716,20.066
"150",2023,6,16.9,90,"Quercus texana",1,27.432,42.926
"151",2023,6,8.6,49,"Ulmus americana",1,14.9352,21.844
"152",2023,25,5.1,40,"Ulmus americana",2,12.192,12.954
"153",2023,25,9.4,70,"Quercus texana",1,21.336,23.876
"154",2023,25,9.4,70,"Quercus texana",1,21.336,23.876
"155",2023,25,20.5,83,"Quercus texana",1,25.2984,52.07
"156",2023,25,6.8,59,"Quercus texana",1,17.9832,17.272
"157",2023,25,6.3,63,"Quercus texana",1,19.2024,16.002
"158",2023,25,7.6,73,"Quercus texana",1,22.2504,19.304
"159",2023,29,6.4,53,"Ulmus americana",1,16.1544,16.256
"160",2023,29,5.2,45,"Ulmus americana",1,13.716,13.208
"161",2023,31,NA,NA,"Ulmus americana",2,NA,NA
"162",2023,2,NA,NA,"Ulmus americana",2,NA,NA
"163",2023,2,7.1,45,"Quercus texana",1,13.716,18.034
"164",2023,2,9.5,53,"Ulmus americana",1,16.1544,24.13
"165",2023,2,9.8,67,"Ulmus americana",1,20.4216,24.892
"166",2023,2,NA,NA,"Ulmus americana",2,NA,NA
"167",2023,2,11.5,56,"Ulmus americana",1,17.0688,29.21
"168",2023,2,9.5,46,"Ulmus americana",1,14.0208,24.13
"169",2023,2,1.1,13,"Ulmus americana",1,3.9624,2.794
"170",2023,24,5.2,37,"Quercus texana",1,11.2776,13.208
"171",2023,24,5.3,40,"Quercus texana",1,12.192,13.462
"172",2023,24,6.9,33,"Quercus texana",1,10.0584,17.526
"173",2023,15,NA,NA,"Ulmus americana",2,NA,NA
"174",2023,15,NA,NA,"Ulmus americana",2,NA,NA
"175",2023,15,NA,NA,"Ulmus americana",2,NA,NA
"176",2023,15,8.1,50,"Ulmus americana",2,15.24,20.574
"177",2023,15,12.1,52,"Ulmus americana",1,15.8496,30.734
"178",2023,15,NA,NA,"Ulmus americana",2,NA,NA
"179",2023,15,4,37,"Ulmus americana",1,11.2776,10.16
"180",2023,15,4.3,30,"Ulmus americana",1,9.144,10.922
"181",2023,15,NA,NA,"Ulmus americana",2,NA,NA
"182",2023,15,NA,NA,"Ulmus americana",2,NA,NA
"183",2023,15,8.9,52,"Ulmus americana",1,15.8496,22.606
"184",2023,15,9.8,50,"Ulmus americana",1,15.24,24.892
"185",2023,10,29.8,92,"Quercus texana",1,28.0416,75.692
"186",2023,10,8.1,53,"Ulmus americana",1,16.1544,20.574
"187",2023,10,20.1,85,"Quercus texana",1,25.908,51.054
"188",2023,10,20.7,75,"Quercus texana",1,22.86,52.578
"189",2023,10,10.9,55,"Ulmus americana",1,16.764,27.686
"190",2023,10,11.6,63,"Ulmus americana",1,19.2024,29.464
"191",2023,10,9.2,59,"Ulmus americana",1,17.9832,23.368
"192",2023,10,7.5,54,"Ulmus americana",1,16.4592,19.05
"193",2023,10,12.1,69,"Ulmus americana",1,21.0312,30.734
"194",2023,10,5.8,44,"Ulmus americana",1,13.4112,14.732
"195",2023,15,7.3,48,"Ulmus americana",1,14.6304,18.542
"196",2023,17,1.2,21,"Ulmus americana",1,6.4008,3.048
"197",2023,17,1.5,22,"Ulmus americana",1,6.7056,3.81
"198",2023,26,7.2,39,"Ulmus americana",1,11.8872,18.288
"199",2023,40,9.4,63,"Ulmus americana",1,19.2024,23.876
"200",2023,40,19.6,91,"Ulmus americana",1,27.7368,49.784
"201",2023,40,5.6,39,"Ulmus americana",1,11.8872,14.224
"202",2023,40,NA,NA,"Ulmus americana",2,NA,NA
"203",2023,40,12.3,75,"Ulmus americana",1,22.86,31.242
"204",2023,46,6.9,62,"Ulmus americana",1,18.8976,17.526
"205",2023,46,7.1,52,"Ulmus americana",1,15.8496,18.034
"206",2023,46,2.3,31,"Ulmus americana",1,9.4488,5.842
"207",2023,46,3.4,25,"Ulmus americana",1,7.62,8.636
"208",2023,46,1.2,14,"Ulmus americana",1,4.2672,3.048
"209",2023,57,12.4,60,"Ulmus americana",1,18.288,31.496
"210",2023,57,6.8,46,"Ulmus americana",1,14.0208,17.272
"211",2023,18,1.4,16,"Ulmus americana",1,4.8768,3.556
"212",2023,18,15,84,"Ulmus americana",1,25.6032,38.1
"213",2023,18,7.1,39,"Ulmus americana",1,11.8872,18.034
"214",2023,27,6.1,43,"Ulmus americana",1,13.1064,15.494
"215",2023,27,7.8,64,"Ulmus americana",1,19.5072,19.812
"216",2023,27,9.4,61,"Ulmus americana",1,18.5928,23.876
"217",2023,27,7,50,"Ulmus americana",1,15.24,17.78
"218",2023,27,6.7,52,"Ulmus americana",1,15.8496,17.018
"219",2023,27,1.8,19,"Ulmus americana",1,5.7912,4.572
"220",2023,45,13.8,88,"Ulmus americana",1,26.8224,35.052
"221",2023,45,8.5,54,"Ulmus americana",1,16.4592,21.59
"222",2023,45,19.2,86,"Ulmus americana",1,26.2128,48.768
"223",2023,45,6.5,57,"Ulmus americana",1,17.3736,16.51
"224",2023,16,6.6,42,"Ulmus americana",1,12.8016,16.764
"225",2023,16,8.2,38,"Ulmus americana",1,11.5824,20.828
"226",2023,16,8,48,"Ulmus americana",1,14.6304,20.32
"227",2023,16,6.4,43,"Ulmus americana",1,13.1064,16.256
"228",2023,16,7.3,39,"Ulmus americana",1,11.8872,18.542
"229",2023,16,7.5,52,"Ulmus americana",1,15.8496,19.05
"230",2023,16,5.5,44,"Ulmus americana",1,13.4112,13.97
"231",2023,16,1.5,15,"Ulmus americana",1,4.572,3.81
"232",2023,62,7.4,43,"Ulmus americana",2,13.1064,18.796
"233",2023,62,5.7,42,"Ulmus americana",2,12.8016,14.478
"234",2023,62,NA,NA,"Ulmus americana",2,NA,NA
"235",2023,62,5.2,35,"Ulmus americana",1,10.668,13.208
"236",2023,106,NA,NA,"Ulmus americana",2,NA,NA
"237",2023,106,5.6,35,"Ulmus americana",2,10.668,14.224
"238",2023,106,8,38,"Ulmus americana",2,11.5824,20.32
"239",2023,106,8.8,48,"Ulmus americana",1,14.6304,22.352
"240",2023,106,8.1,68,"Ulmus americana",1,20.7264,20.574
"241",2023,106,NA,NA,"Ulmus americana",2,NA,NA
"242",2023,224,10.2,70,"Ulmus americana",1,21.336,25.908
"243",2023,224,10.3,48,"Ulmus americana",1,14.6304,26.162
"244",2023,224,8.5,57,"Ulmus americana",1,17.3736,21.59
"245",2023,224,5.6,26,"Ulmus americana",1,7.9248,14.224
"246",2023,224,1.3,13,"Ulmus americana",1,3.9624,3.302
"247",2023,224,6.9,52,"Ulmus americana",1,15.8496,17.526
"248",2023,3,NA,NA,"Ulmus americana",2,NA,NA
"249",2023,3,5.2,49,"Quercus texana",1,14.9352,13.208
"250",2023,3,4.4,43,"Quercus texana",1,13.1064,11.176
"251",2023,3,5,43,"Quercus texana",1,13.1064,12.7
"252",2023,3,7.9,53,"Ulmus americana",1,16.1544,20.066
"253",2023,3,5.5,43,"Ulmus americana",1,13.1064,13.97
"254",2023,3,7.1,46,"Ulmus americana",1,14.0208,18.034
"255",2023,3,NA,NA,"Ulmus americana",2,NA,NA
"256",2023,4,NA,NA,"Ilex opaca",2,NA,NA
"257",2023,4,1,13,"Ilex opaca",1,3.9624,2.54
"258",2023,44,2.4,31,"Ilex opaca",1,9.4488,6.096
"259",2023,44,1.1,15,"Ilex opaca",1,4.572,2.794
"260",2023,44,1.1,15,"Ilex opaca",1,4.572,2.794
"261",2023,51,5.9,45,"Ilex opaca",1,13.716,14.986
"262",2023,51,5.6,45,"Ilex opaca",1,13.716,14.224
"263",2023,51,1.1,14,"Ilex opaca",1,4.2672,2.794
"264",2023,53,11.4,53,"Ilex opaca",1,16.1544,28.956
"265",2023,53,7.4,46,"Ilex opaca",1,14.0208,18.796
"266",2023,53,2.2,24,"Ilex opaca",1,7.3152,5.588
"267",2023,2,NA,NA,"Ilex opaca",2,NA,NA
"268",2023,3,NA,NA,"Ilex opaca",0,NA,NA
"269",2023,15,5.9,39,"Ilex opaca",1,11.8872,14.986
"270",2023,15,8.9,46,"Ilex opaca",1,14.0208,22.606
"271",2023,33,NA,NA,"Quercus texana",2,NA,NA
"272",2023,33,NA,NA,"Quercus texana",2,NA,NA
"273",2023,33,10.7,52,"Quercus texana",1,15.8496,27.178
"274",2023,33,8.9,39,"Quercus texana",1,11.8872,22.606
"275",2023,33,1.2,14,"Quercus texana",1,4.2672,3.048
"276",2023,33,7.6,56,"Quercus texana",1,17.0688,19.304
"277",2023,33,9.8,60,"Quercus texana",1,18.288,24.892
"278",2023,33,NA,NA,"Quercus texana",0,NA,NA
"279",2023,33,7.6,60,"Quercus texana",1,18.288,19.304
"280",2023,21,NA,NA,"Ulmus americana",2,NA,NA
"281",2023,23,9.5,56,"Ilex opaca",1,17.0688,24.13
"282",2023,28,1.3,18,"Ilex opaca",1,5.4864,3.302
"283",2023,68,5.6,33,"Ilex opaca",1,10.0584,14.224
"284",2023,69,4,30,"Ilex opaca",1,9.144,10.16
"285",2023,7,2.3,21,"Ilex opaca",1,6.4008,5.842
"286",2023,42,3.5,16,"Ilex opaca",1,4.8768,8.89
"287",2023,42,1.2,18,"Ilex opaca",1,5.4864,3.048
"288",2023,42,1.9,22,"Ilex opaca",1,6.7056,4.826
"289",2023,42,5.4,39,"Ilex opaca",1,11.8872,13.716
"290",2023,73,11.6,71,"Quercus texana",1,21.6408,29.464
"291",2023,73,12.3,65,"Quercus texana",1,19.812,31.242
"292",2023,73,12.5,63,"Quercus texana",1,19.2024,31.75
"293",2023,73,15.7,68,"Quercus texana",1,20.7264,39.878
"294",2023,73,11.8,73,"Quercus texana",1,22.2504,29.972
"295",2023,73,11.8,65,"Quercus texana",1,19.812,29.972
"296",2023,73,11.6,66,"Quercus texana",1,20.1168,29.464
"297",2023,73,11.2,68,"Quercus texana",1,20.7264,28.448
"298",2023,73,17.1,80,"Quercus texana",1,24.384,43.434
"299",2023,73,17.6,75,"Quercus texana",1,22.86,44.704
"300",2023,5,9.5,68,"Ulmus americana",2,20.7264,24.13
"301",2023,5,20.1,80,"Quercus texana",1,24.384,51.054
"302",2023,5,9.3,57,"Ulmus americana",1,17.3736,23.622
"303",2023,5,6.6,52,"Ulmus americana",1,15.8496,16.764
"304",2023,5,2.5,39,"Ulmus americana",1,11.8872,6.35
"305",2023,14,NA,NA,"Ulmus americana",2,NA,NA
"306",2023,14,9.9,42,"Quercus texana",1,12.8016,25.146
"307",2023,14,NA,NA,"Quercus texana",2,NA,NA
"308",2023,14,NA,NA,"Quercus texana",2,NA,NA
"309",2023,35,21.7,88,"Ulmus americana",1,26.8224,55.118
"310",2023,140,3.2,32,"Ilex opaca",1,9.7536,8.128
"311",2023,140,3.7,31,"Ilex opaca",1,9.4488,9.398
"312",2023,140,8.2,42,"Ilex opaca",1,12.8016,20.828
"313",2023,140,7.7,39,"Ilex opaca",1,11.8872,19.558
"314",2023,140,4,33,"Ilex opaca",1,10.0584,10.16
"315",2023,140,5.4,42,"Ilex opaca",1,12.8016,13.716
"316",2023,140,2.8,30,"Ilex opaca",1,9.144,7.112
"317",2023,8,1.7,22,"Ilex opaca",1,6.7056,4.318
"318",2023,8,1.4,18,"Ilex opaca",1,5.4864,3.556
"319",2023,8,2.2,22,"Ilex opaca",1,6.7056,5.588
"320",2023,8,2.4,23,"Ilex opaca",1,7.0104,6.096
"321",2023,8,1.8,14,"Ilex opaca",1,4.2672,4.572
"322",2023,8,1.4,12,"Ilex opaca",1,3.6576,3.556
"323",2023,8,1.3,18,"Ilex opaca",1,5.4864,3.302
"324",2023,73,NA,NA,"Ulmus americana",0,NA,NA
"325",2023,73,NA,NA,"Ulmus americana",0,NA,NA
"326",2023,73,NA,NA,"Ulmus americana",0,NA,NA
"327",2023,73,NA,NA,"Ulmus americana",0,NA,NA
"328",2023,73,NA,NA,"Ulmus americana",0,NA,NA
"329",2023,73,NA,NA,"Quercus texana",0,NA,NA
"330",2023,73,NA,NA,"Ulmus americana",0,NA,NA
"331",2023,73,NA,NA,"Ulmus americana",0,NA,NA
"332",2023,73,NA,NA,"Ulmus americana",0,NA,NA
"333",2023,40,5.4,42,"Ulmus americana",1,12.8016,13.716
"334",2023,1,6.4,64,"Ulmus americana",1,19.5072,16.256
"335",2023,6,7.4,38,"Ilex opaca",1,11.5824,18.796
"336",2023,6,1.3,24,"Ilex opaca",1,7.3152,3.302
"337",2023,6,1.5,25,"Ilex opaca",1,7.62,3.81
"338",2023,49,7.9,43,"Ilex opaca",1,13.1064,20.066
"339",2023,49,1.1,15,"Ilex opaca",1,4.572,2.794
"340",2023,49,7.4,53,"Ilex opaca",1,16.1544,18.796
"341",2023,79,6.7,52,"Ulmus americana",1,15.8496,17.018
"342",2023,1,NA,NA,"Ulmus americana",2,NA,NA
"343",2023,9,9.7,56,"Ulmus americana",1,17.0688,24.638
"344",2023,9,3.3,42,"Ulmus americana",1,12.8016,8.382
"345",2023,9,12.1,66,"Ulmus americana",1,20.1168,30.734
"346",2023,30,3.4,29,"Ilex opaca",1,8.8392,8.636
"347",2023,58,5.3,30,"Ilex opaca",1,9.144,13.462
"348",2023,58,5.3,33,"Ilex opaca",1,10.0584,13.462
"349",2023,58,1,16,"Ilex opaca",1,4.8768,2.54
"350",2023,70,1.8,16,"Ilex opaca",1,4.8768,4.572
"351",2023,6,6.6,40,"Ilex opaca",1,12.192,16.764
"352",2023,7,1,16,"Ulmus americana",1,4.8768,2.54
"353",2023,7,1.9,23,"Ulmus americana",1,7.0104,4.826
"354",2023,16,4.7,39,"Ilex opaca",1,11.8872,11.938
"355",2023,16,2.7,26,"Ilex opaca",1,7.9248,6.858
"356",2023,16,3.7,26,"Ilex opaca",1,7.9248,9.398
"357",2023,16,9.2,53,"Ilex opaca",1,16.1544,23.368
"358",2023,40,5.2,44,"Ilex opaca",1,13.4112,13.208
"359",2023,57,6.3,40,"Ilex opaca",1,12.192,16.002
"360",2023,57,6,44,"Ilex opaca",1,13.4112,15.24
"361",2023,57,7.1,52,"Ilex opaca",1,15.8496,18.034
"362",2023,57,6,43,"Ilex opaca",1,13.1064,15.24
"363",2023,57,5.9,46,"Ilex opaca",1,14.0208,14.986
"364",2023,57,1.6,15,"Ilex opaca",1,4.572,4.064
"365",2023,57,5.2,39,"Ilex opaca",1,11.8872,13.208
"366",2023,57,6.7,35,"Ilex opaca",1,10.668,17.018
"367",2023,57,6.8,30,"Ilex opaca",1,9.144,17.272
"368",2023,57,5.5,38,"Ilex opaca",1,11.5824,13.97
"369",2023,7,3.9,28,"Ilex opaca",1,8.5344,9.906
"370",2023,7,1.1,15,"Ilex opaca",1,4.572,2.794
"371",2023,29,8,54,"Ulmus americana",1,16.4592,20.32
"372",2023,59,8.7,52,"Ulmus americana",1,15.8496,22.098
"373",2023,53,NA,NA,"Ulmus americana",2,NA,NA
"374",2023,9,7,38,"Ulmus americana",1,11.5824,17.78
"375",2023,19,5.3,45,"Ilex opaca",1,13.716,13.462
"376",2023,19,5.8,33,"Ilex opaca",1,10.0584,14.732
"377",2023,19,1.7,14,"Ilex opaca",1,4.2672,4.318
"378",2023,35,1,14,"Ilex opaca",1,4.2672,2.54
"379",2023,43,2.6,20,"Ilex opaca",1,6.096,6.604
"380",2023,16,10.4,70,"Ulmus americana",2,21.336,26.416
"381",2023,16,10.7,55,"Ulmus americana",1,16.764,27.178
"382",2023,18,28,100,"Ulmus americana",1,30.48,71.12
"383",2023,18,17,95,"Ulmus americana",1,28.956,43.18
"384",2023,44,1.9,21,"Ilex opaca",1,6.4008,4.826
"385",2023,44,1.5,20,"Ilex opaca",1,6.096,3.81
"386",2023,44,2.2,22,"Ilex opaca",1,6.7056,5.588
"387",2023,44,1.9,22,"Ilex opaca",1,6.7056,4.826
"388",2023,44,2.1,22,"Ilex opaca",1,6.7056,5.334
"389",2023,44,2.5,22,"Ilex opaca",1,6.7056,6.35
"390",2023,44,2.3,22,"Ilex opaca",1,6.7056,5.842
"391",2023,44,1.5,20,"Ilex opaca",1,6.096,3.81
"392",2023,44,1.9,19,"Ilex opaca",1,5.7912,4.826
"393",2023,44,1.6,19,"Ilex opaca",1,5.7912,4.064
"394",2023,44,1.7,19,"Ilex opaca",1,5.7912,4.318
"395",2023,44,1.7,21,"Ilex opaca",1,6.4008,4.318
"396",2023,25,16.1,66,"Ilex opaca",1,20.1168,40.894
"397",2023,25,6.2,49,"Ilex opaca",1,14.9352,15.748
"398",2023,25,10.9,65,"Ilex opaca",1,19.812,27.686
"399",2023,25,5.4,38,"Ilex opaca",1,11.5824,13.716
"400",2023,25,5,36,"Ilex opaca",1,10.9728,12.7
"401",2023,28,1.4,16,"Ilex opaca",1,4.8768,3.556
"402",2023,38,1.9,16,"Ilex opaca",1,4.8768,4.826
"403",2023,38,1.9,14,"Ilex opaca",1,4.2672,4.826
"404",2023,39,5,40,"Ulmus americana",1,12.192,12.7
"405",2023,39,16,72,"Ulmus americana",1,21.9456,40.64
"406",2023,19,7.7,72,"Ilex opaca",1,21.9456,19.558
"407",2023,19,5.8,48,"Ilex opaca",1,14.6304,14.732
"408",2023,19,7.8,45,"Ilex opaca",1,13.716,19.812
"409",2023,19,5,37,"Ilex opaca",1,11.2776,12.7
"410",2023,19,5.3,36,"Ilex opaca",1,10.9728,13.462
"411",2023,19,12.8,87,"Quercus texana",1,26.5176,32.512
"412",2023,19,11.8,76,"Quercus texana",1,23.1648,29.972
"413",2023,19,13.6,79,"Quercus texana",1,24.0792,34.544
"414",2023,19,14.4,68,"Quercus texana",1,20.7264,36.576
"415",2023,19,16.3,92,"Quercus texana",1,28.0416,41.402
"416",2023,19,10.8,70,"Quercus texana",2,21.336,27.432
"417",2023,3,2.6,19,"Ilex opaca",1,5.7912,6.604
"418",2023,18,NA,NA,"Ulmus americana",2,NA,NA
"419",2023,31,2.4,23,"Ulmus americana",1,7.0104,6.096
"420",2023,31,2,19,"Ilex opaca",1,5.7912,5.08
"421",2023,31,1.9,16,"Ilex opaca",1,4.8768,4.826
"422",2023,31,1.6,27,"Ulmus americana",1,8.2296,4.064
"423",2023,31,1.3,16,"Ilex opaca",1,4.8768,3.302
"424",2023,31,5.2,32,"Ilex opaca",1,9.7536,13.208
"425",2023,44,6.9,40,"Ilex opaca",1,12.192,17.526
"426",2023,52,5.8,47,"Ilex opaca",1,14.3256,14.732
"427",2023,52,5.8,44,"Ilex opaca",1,13.4112,14.732
"428",2023,52,1.5,16,"Ilex opaca",1,4.8768,3.81
"429",2023,52,1.2,15,"Ilex opaca",1,4.572,3.048
"430",2023,52,1,13,"Ilex opaca",1,3.9624,2.54
"431",2023,52,7.2,49,"Ilex opaca",1,14.9352,18.288
"432",2023,52,5.5,30,"Ilex opaca",1,9.144,13.97
"433",2023,25,1.9,21,"Ilex opaca",1,6.4008,4.826
"434",2023,25,1.1,12,"Ilex opaca",1,3.6576,2.794
"435",2023,25,5,47,"Ilex opaca",1,14.3256,12.7
"436",2023,26,6.4,44,"Ilex opaca",1,13.4112,16.256
"437",2023,1,5,32,"Ilex opaca",1,9.7536,12.7
"438",2023,2,1.7,20,"Ilex opaca",1,6.096,4.318
"439",2023,2,1.5,16,"Ilex opaca",1,4.8768,3.81
"440",2023,2,1.6,16,"Ilex opaca",1,4.8768,4.064
"441",2023,2,1,14,"Ilex opaca",1,4.2672,2.54
"442",2023,17,NA,NA,"Ilex opaca",0,NA,NA
"443",2023,18,7.6,50,"Ilex opaca",1,15.24,19.304
"444",2023,52,5.2,37,"Ilex opaca",1,11.2776,13.208
"445",2023,52,6.1,45,"Ilex opaca",1,13.716,15.494
"446",2023,52,5.3,41,"Ilex opaca",1,12.4968,13.462
"447",2023,52,6.4,38,"Ilex opaca",1,11.5824,16.256
"448",2023,59,NA,NA,"Ilex opaca",2,NA,NA
"449",2023,59,1.2,12,"Ilex opaca",1,3.6576,3.048
"450",2023,59,1.6,19,"Ilex opaca",1,5.7912,4.064
"451",2023,61,9,73,"Ulmus americana",1,22.2504,22.86
"452",2023,159,2.5,24,"Ilex opaca",1,7.3152,6.35
"453",2023,159,2.2,20,"Ilex opaca",1,6.096,5.588
"454",2023,159,1.4,22,"Ilex opaca",1,6.7056,3.556
"455",2023,159,6.4,37,"Ilex opaca",1,11.2776,16.256
"456",2024,33,NA,NA,"Quercus texana",0,NA,NA
"457",2024,33,NA,NA,"Quercus texana",0,NA,NA
"458",2024,33,NA,NA,"Quercus texana",0,NA,NA
"459",2024,39,6.2,45,"Quercus texana",1,13.716,15.748
"460",2024,39,5.9,42,"Quercus texana",1,12.8016,14.986
"461",2024,39,7.9,50,"Quercus texana",1,15.24,20.066
"462",2024,39,8.8,47,"Quercus texana",1,14.3256,22.352
"463",2024,39,9,48,"Quercus texana",1,14.6304,22.86
"464",2024,39,5.1,50,"Quercus texana",1,15.24,12.954
"465",2024,39,8.9,52,"Quercus texana",1,15.8496,22.606
"466",2024,39,6.9,45,"Quercus texana",1,13.716,17.526
"467",2024,39,2.2,28,"Ulmus americana",1,8.5344,5.588
"468",2024,39,7.3,49,"Quercus texana",1,14.9352,18.542
"469",2024,39,9.1,56,"Quercus texana",1,17.0688,23.114
"470",2024,39,7.3,47,"Quercus texana",1,14.3256,18.542
"471",2024,39,5.6,42,"Ulmus americana",1,12.8016,14.224
"472",2024,39,5.8,45,"Quercus texana",1,13.716,14.732
"473",2024,45,NA,NA,"Ulmus americana",0,NA,NA
"474",2024,45,5.2,34,"Ulmus americana",1,10.3632,13.208
"475",2024,7,14.2,80,"Ulmus americana",1,24.384,36.068
"476",2024,52,NA,NA,"Ulmus americana",0,NA,NA
"477",2024,52,NA,NA,"Ulmus americana",0,NA,NA
"478",2024,52,NA,NA,"Ulmus americana",0,NA,NA
"479",2024,52,NA,NA,"Ulmus americana",0,NA,NA
"480",2024,52,NA,NA,"Ulmus americana",0,NA,NA
"481",2024,52,13.8,60,"Ulmus americana",1,18.288,35.052
"482",2024,13,8,47,"Ulmus americana",1,14.3256,20.32
"483",2024,13,12.4,63,"Quercus texana",1,19.2024,31.496
"484",2024,13,NA,NA,"Quercus texana",2,NA,NA
"485",2024,13,10.6,56,"Quercus texana",1,17.0688,26.924
"486",2024,13,5.3,41,"Ulmus americana",1,12.4968,13.462
"487",2024,13,5.1,39,"Quercus texana",1,11.8872,12.954
"488",2024,25,NA,NA,"Quercus texana",2,NA,NA
"489",2024,25,11.4,64,"Ulmus americana",1,19.5072,28.956
"490",2024,25,5.9,58,"Ulmus americana",1,17.6784,14.986
"491",2024,10,NA,NA,"Ulmus americana",2,NA,NA
"492",2024,13,9.7,56,"Quercus texana",1,17.0688,24.638
"493",2024,13,18.6,116,"Quercus texana",1,35.3568,47.244
"494",2024,13,9.9,65,"Ulmus americana",1,19.812,25.146
"495",2024,20,15.9,80,"Ulmus americana",1,24.384,40.386
"496",2024,20,6.5,46,"Ulmus americana",1,14.0208,16.51
"497",2024,20,6.7,49,"Ulmus americana",1,14.9352,17.018
"498",2024,20,24.9,94,"Quercus texana",1,28.6512,63.246
"499",2024,20,7.9,51,"Ulmus americana",1,15.5448,20.066
"500",2024,20,12,74,"Ulmus americana",1,22.5552,30.48
"501",2024,16,8,49,"Quercus texana",1,14.9352,20.32
"502",2024,16,11.5,68,"Quercus texana",1,20.7264,29.21
"503",2024,16,10.9,69,"Quercus texana",1,21.0312,27.686
"504",2024,16,9.2,63,"Quercus texana",1,19.2024,23.368
"505",2024,16,8.8,65,"Quercus texana",1,19.812,22.352
"506",2024,49,31.4,115,"Ulmus americana",1,35.052,79.756
"507",2024,50,1,13,"Quercus texana",1,3.9624,2.54
"508",2024,8,11.2,47,"Ulmus americana",1,14.3256,28.448
"509",2024,8,7.6,46,"Ulmus americana",1,14.0208,19.304
"510",2024,8,17.4,88,"Ulmus americana",1,26.8224,44.196
"511",2024,18,NA,NA,"Ulmus americana",2,NA,NA
"512",2024,37,5.5,41,"Ulmus americana",1,12.4968,13.97
"513",2024,11,8.6,51,"Quercus texana",1,15.5448,21.844
"514",2024,11,8.7,45,"Quercus texana",1,13.716,22.098
"515",2024,11,1.7,29,"Ulmus americana",1,8.8392,4.318
"516",2024,11,12.2,65,"Quercus texana",1,19.812,30.988
"517",2024,11,10.8,64,"Quercus texana",1,19.5072,27.432
"518",2024,11,10.1,63,"Quercus texana",1,19.2024,25.654
"519",2024,21,NA,NA,"Ulmus americana",0,NA,NA
"520",2024,21,NA,NA,"Ulmus americana",0,NA,NA
"521",2024,21,8.6,44,"Ulmus americana",1,13.4112,21.844
"522",2024,21,5.5,35,"Ulmus americana",1,10.668,13.97
"523",2024,21,2.9,29,"Ulmus americana",1,8.8392,7.366
"524",2024,5,4.8,31,"Ulmus americana",1,9.4488,12.192
"525",2024,5,3.7,31,"Ulmus americana",1,9.4488,9.398
"526",2024,5,4.7,40,"Ulmus americana",1,12.192,11.938
"527",2024,5,5.9,40,"Ulmus americana",1,12.192,14.986
"528",2024,16,NA,NA,"Quercus texana",0,NA,NA
"529",2024,16,NA,NA,"Ulmus americana",0,NA,NA
"530",2024,16,NA,NA,"Ulmus americana",0,NA,NA
"531",2024,44,NA,NA,"Quercus texana",2,NA,NA
"532",2024,44,6.3,42,"Quercus texana",2,12.8016,16.002
"533",2024,46,5.8,44,"Quercus texana",1,13.4112,14.732
"534",2024,46,5.2,49,"Quercus texana",1,14.9352,13.208
"535",2024,46,8.8,55,"Quercus texana",1,16.764,22.352
"536",2024,46,5.4,37,"Quercus texana",2,11.2776,13.716
"537",2024,50,17.7,83,"Quercus texana",1,25.2984,44.958
"538",2024,50,17.3,91,"Quercus texana",1,27.7368,43.942
"539",2024,50,15.8,103,"Quercus texana",1,31.3944,40.132
"540",2024,50,10.3,72,"Quercus texana",1,21.9456,26.162
"541",2024,50,8,70,"Quercus texana",1,21.336,20.32
"542",2024,50,5.3,37,"Quercus texana",1,11.2776,13.462
"543",2024,10,41.5,110,"Ulmus americana",2,33.528,105.41
"544",2024,17,15.6,84,"Quercus texana",1,25.6032,39.624
"545",2024,17,3.4,37,"Ulmus americana",1,11.2776,8.636
"546",2024,17,2,23,"Ulmus americana",1,7.0104,5.08
"547",2024,17,1.8,20,"Ulmus americana",1,6.096,4.572
"548",2024,17,1.7,23,"Ulmus americana",1,7.0104,4.318
"549",2024,17,2.4,36,"Ulmus americana",1,10.9728,6.096
"550",2024,17,5.1,39,"Ulmus americana",1,11.8872,12.954
"551",2024,17,5,36,"Ulmus americana",1,10.9728,12.7
"552",2024,17,5,43,"Ulmus americana",1,13.1064,12.7
"553",2024,18,5.8,53,"Ulmus americana",1,16.1544,14.732
"554",2024,18,5.4,33,"Ulmus americana",1,10.0584,13.716
"555",2024,18,14.5,69,"Ulmus americana",1,21.0312,36.83
"556",2024,18,7.3,56,"Quercus texana",1,17.0688,18.542
"557",2024,18,2.1,29,"Ulmus americana",1,8.8392,5.334
"558",2024,18,3.7,33,"Ulmus americana",1,10.0584,9.398
"559",2024,18,NA,NA,"Ulmus americana",2,NA,NA
"560",2024,18,1,13,"Ulmus americana",1,3.9624,2.54
"561",2024,18,7.4,40,"Ulmus americana",1,12.192,18.796
"562",2024,18,5.3,38,"Ulmus americana",1,11.5824,13.462
"563",2024,18,5.1,36,"Ulmus americana",1,10.9728,12.954
"564",2024,18,9.2,70,"Ulmus americana",1,21.336,23.368
"565",2024,18,11.3,58,"Ulmus americana",1,17.6784,28.702
"566",2024,18,7.5,50,"Ulmus americana",1,15.24,19.05
"567",2024,42,21.3,84,"Ulmus americana",1,25.6032,54.102
"568",2024,42,9.4,45,"Ulmus americana",1,13.716,23.876
"569",2024,42,13.8,74,"Ulmus americana",1,22.5552,35.052
"570",2024,42,13.8,70,"Ulmus americana",1,21.336,35.052
"571",2024,42,21,84,"Ulmus americana",1,25.6032,53.34
"572",2024,18,4.6,24,"Ulmus americana",1,7.3152,11.684
"573",2024,18,1.4,15,"Ulmus americana",2,4.572,3.556
"574",2024,18,3,24,"Ulmus americana",2,7.3152,7.62
"575",2024,18,1.6,19,"Ulmus americana",1,5.7912,4.064
"576",2024,18,5.1,43,"Ulmus americana",1,13.1064,12.954
"577",2024,18,5.4,43,"Ulmus americana",1,13.1064,13.716
"578",2024,72,2.3,21,"Ulmus americana",1,6.4008,5.842
"579",2024,72,1.6,23,"Ulmus americana",1,7.0104,4.064
"580",2024,80,3.6,21,"Ulmus americana",1,6.4008,9.144
"581",2024,87,NA,NA,"Quercus texana",2,NA,NA
"582",2024,94,6.8,38,"Ulmus americana",1,11.5824,17.272
"583",2024,94,9.2,55,"Ulmus americana",1,16.764,23.368
"584",2024,169,13.7,56,"Ulmus americana",1,17.0688,34.798
"585",2024,4,11.4,84,"Quercus texana",1,25.6032,28.956
"586",2024,4,16.9,82,"Quercus texana",1,24.9936,42.926
"587",2024,19,6.7,48,"Quercus texana",1,14.6304,17.018
"588",2024,19,5,23,"Quercus texana",1,7.0104,12.7
"589",2024,23,9.3,58,"Ulmus americana",1,17.6784,23.622
"590",2024,23,13,73,"Ulmus americana",2,22.2504,33.02
"591",2024,25,8.4,28,"Ulmus americana",1,8.5344,21.336
"592",2024,16,NA,NA,"Ulmus americana",2,NA,NA
"593",2024,36,16.9,71,"Ulmus americana",1,21.6408,42.926
"594",2024,41,7,42,"Quercus texana",1,12.8016,17.78
"595",2024,41,7.1,45,"Quercus texana",1,13.716,18.034
"596",2024,41,5.7,41,"Quercus texana",1,12.4968,14.478
"597",2024,41,6.3,46,"Quercus texana",1,14.0208,16.002
"598",2024,41,6,46,"Quercus texana",2,14.0208,15.24
"599",2024,41,6.6,45,"Quercus texana",1,13.716,16.764
"600",2024,41,5.4,42,"Quercus texana",1,12.8016,13.716
"601",2024,41,6.7,46,"Quercus texana",2,14.0208,17.018
"602",2024,41,5.9,35,"Quercus texana",2,10.668,14.986
"603",2024,41,6.9,40,"Quercus texana",1,12.192,17.526
"604",2024,41,1.2,18,"Ulmus americana",1,5.4864,3.048
"605",2024,41,1.6,19,"Ulmus americana",1,5.7912,4.064
"606",2024,41,1,12,"Ulmus americana",1,3.6576,2.54
"607",2024,41,4.8,43,"Quercus texana",1,13.1064,12.192
"608",2024,41,3.7,39,"Quercus texana",2,11.8872,9.398
"609",2024,41,1.5,13,"Ulmus americana",1,3.9624,3.81
"610",2024,41,9.2,45,"Quercus texana",1,13.716,23.368
"611",2024,41,7.1,45,"Quercus texana",1,13.716,18.034
"612",2024,41,7.6,46,"Quercus texana",1,14.0208,19.304
"613",2024,41,9.9,47,"Quercus texana",1,14.3256,25.146
"614",2024,41,6.5,45,"Quercus texana",1,13.716,16.51
"615",2024,41,9.3,47,"Quercus texana",1,14.3256,23.622
"616",2024,41,5,37,"Quercus texana",1,11.2776,12.7
"617",2024,41,9.1,46,"Quercus texana",1,14.0208,23.114
"618",2024,41,2,23,"Ulmus americana",1,7.0104,5.08
"619",2024,41,1.1,17,"Ulmus americana",1,5.1816,2.794
"620",2024,41,7.9,39,"Quercus texana",1,11.8872,20.066
"621",2024,41,9.2,45,"Quercus texana",1,13.716,23.368
"622",2024,41,5.2,36,"Quercus texana",1,10.9728,13.208
"623",2024,41,9.1,45,"Quercus texana",1,13.716,23.114
"624",2024,41,6.7,45,"Quercus texana",1,13.716,17.018
"625",2024,41,8.8,47,"Quercus texana",1,14.3256,22.352
"626",2024,41,9.4,45,"Quercus texana",1,13.716,23.876
"627",2024,41,2.2,21,"Quercus texana",1,6.4008,5.588
"628",2024,41,1.6,16,"Quercus texana",2,4.8768,4.064
"629",2024,63,18.1,93,"Ulmus americana",1,28.3464,45.974
"630",2024,63,6.7,57,"Ulmus americana",1,17.3736,17.018
"631",2024,38,11.7,71,"Quercus texana",1,21.6408,29.718
"632",2024,6,13.6,64,"Ulmus americana",1,19.5072,34.544
"633",2024,6,22.2,96,"Ulmus americana",1,29.2608,56.388
"634",2024,6,9.8,62,"Ulmus americana",1,18.8976,24.892
"635",2024,6,15.2,70,"Quercus texana",1,21.336,38.608
"636",2024,6,6,52,"Ulmus americana",1,15.8496,15.24
"637",2024,6,14.6,75,"Ulmus americana",1,22.86,37.084
"638",2024,6,9.5,41,"Quercus texana",1,12.4968,24.13
"639",2024,18,NA,NA,"Ulmus americana",0,NA,NA
"640",2024,18,NA,NA,"Ulmus americana",0,NA,NA
"641",2024,18,NA,NA,"Quercus texana",0,NA,NA
"642",2024,18,NA,NA,"Quercus texana",0,NA,NA
"643",2024,18,NA,NA,"Quercus texana",0,NA,NA
"644",2024,18,NA,NA,"Ulmus americana",0,NA,NA
"645",2024,18,NA,NA,"Ulmus americana",0,NA,NA
"646",2024,12,2.5,22,"Ilex opaca",1,6.7056,6.35
"647",2024,12,1,17,"Ilex opaca",1,5.1816,2.54
"648",2024,12,1,21,"Ilex opaca",1,6.4008,2.54
"649",2024,23,1.5,13,"Ilex opaca",1,3.9624,3.81
"650",2024,43,6.8,39,"Ilex opaca",1,11.8872,17.272
"651",2024,43,7.7,53,"Ulmus americana",1,16.1544,19.558
"652",2024,43,5.1,42,"Ulmus americana",1,12.8016,12.954
"653",2024,22,1.8,25,"Ulmus americana",1,7.62,4.572
"654",2024,22,NA,NA,"Ilex opaca",2,NA,NA
"655",2024,22,1.1,14,"Ilex opaca",1,4.2672,2.794
"656",2024,22,1.2,23,"Ilex opaca",1,7.0104,3.048
"657",2024,22,1.2,14,"Ilex opaca",1,4.2672,3.048
"658",2024,22,1.2,18,"Ilex opaca",1,5.4864,3.048
"659",2024,22,2.2,20,"Ilex opaca",1,6.096,5.588
"660",2024,22,1,15,"Ilex opaca",1,4.572,2.54
"661",2024,22,1,13,"Ilex opaca",1,3.9624,2.54
"662",2024,22,2,17,"Ilex opaca",1,5.1816,5.08
"663",2024,22,1.2,13,"Ilex opaca",1,3.9624,3.048
"664",2024,22,1,10,"Ilex opaca",1,3.048,2.54
"665",2024,22,1.2,12,"Ilex opaca",1,3.6576,3.048
"666",2024,25,NA,NA,"Ilex opaca",2,NA,NA
"667",2024,31,5.6,40,"Ilex opaca",1,12.192,14.224
"668",2024,31,1.6,20,"Ilex opaca",1,6.096,4.064
"669",2024,1,1.2,9,"Ilex opaca",1,2.7432,3.048
"670",2024,3,9.1,48,"Ilex opaca",1,14.6304,23.114
"671",2024,3,2.2,17,"Ilex opaca",1,5.1816,5.588
"672",2024,58,1.6,13,"Ilex opaca",1,3.9624,4.064
"673",2024,67,1.7,14,"Ilex opaca",1,4.2672,4.318
"674",2024,16,1.2,19,"Ilex opaca",2,5.7912,3.048
"675",2024,20,10.2,79,"Ulmus americana",1,24.0792,25.908
"676",2024,20,4.3,35,"Ulmus americana",1,10.668,10.922
"677",2024,20,10.4,65,"Quercus texana",1,19.812,26.416
"678",2024,20,6,50,"Ulmus americana",1,15.24,15.24
"679",2024,20,17.2,83,"Ulmus americana",1,25.2984,43.688
"680",2024,39,8.9,41,"Ulmus americana",1,12.4968,22.606
"681",2024,39,6.3,34,"Ulmus americana",1,10.3632,16.002
"682",2024,18,17.9,99,"Quercus texana",1,30.1752,45.466
"683",2024,27,7.5,40,"Ilex opaca",1,12.192,19.05
"684",2024,27,1,17,"Ilex opaca",1,5.1816,2.54
"685",2024,27,2.1,19,"Ilex opaca",1,5.7912,5.334
"686",2024,27,2.7,29,"Ilex opaca",1,8.8392,6.858
"687",2024,27,1.5,18,"Ilex opaca",1,5.4864,3.81
"688",2024,27,2.5,28,"Ilex opaca",1,8.5344,6.35
"689",2024,27,2.7,27,"Ilex opaca",1,8.2296,6.858
"690",2024,27,2.1,22,"Ilex opaca",1,6.7056,5.334
"691",2024,75,NA,NA,"Ulmus americana",2,NA,NA
"692",2024,19,11.5,69,"Quercus texana",1,21.0312,29.21
"693",2024,19,6.2,61,"Quercus texana",1,18.5928,15.748
"694",2024,19,6.6,61,"Quercus texana",2,18.5928,16.764
"695",2024,19,8.9,74,"Quercus texana",1,22.5552,22.606
"696",2024,19,6.9,43,"Quercus texana",1,13.1064,17.526
"697",2024,19,7.4,51,"Quercus texana",1,15.5448,18.796
"698",2024,19,5.3,51,"Quercus texana",1,15.5448,13.462
"699",2024,19,13.6,78,"Quercus texana",1,23.7744,34.544
"700",2024,19,5.7,51,"Quercus texana",1,15.5448,14.478
"701",2024,19,5.2,35,"Quercus texana",2,10.668,13.208
"702",2024,21,6.5,45,"Ilex opaca",2,13.716,16.51
"703",2024,21,1.4,13,"Ilex opaca",2,3.9624,3.556
"704",2024,21,1.6,16,"Ilex opaca",2,4.8768,4.064
"705",2024,21,6.2,47,"Ilex opaca",2,14.3256,15.748
"706",2024,42,1.7,20,"Ilex opaca",1,6.096,4.318
"707",2024,8,2.2,20,"Quercus texana",1,6.096,5.588
"708",2024,18,1.6,15,"Ilex opaca",1,4.572,4.064
"709",2024,18,1.3,14,"Ilex opaca",1,4.2672,3.302
"710",2024,18,5,44,"Ulmus americana",1,13.4112,12.7
"711",2024,24,3.3,22,"Ilex opaca",1,6.7056,8.382
"712",2024,24,3.1,21,"Ilex opaca",1,6.4008,7.874
"713",2024,24,NA,NA,"Ulmus americana",2,NA,NA
"714",2024,50,1,11,"Ilex opaca",1,3.3528,2.54
"715",2024,50,1,11,"Ilex opaca",1,3.3528,2.54
"716",2024,50,NA,NA,"Ilex opaca",2,NA,NA
"717",2024,56,1.7,17,"Ilex opaca",1,5.1816,4.318
"718",2024,61,2.4,28,"Ilex opaca",1,8.5344,6.096
"719",2024,61,9.3,56,"Ulmus americana",1,17.0688,23.622
"720",2024,61,5.5,36,"Ilex opaca",2,10.9728,13.97
"721",2024,61,1,9,"Ilex opaca",1,2.7432,2.54
"722",2024,61,2.8,25,"Ilex opaca",1,7.62,7.112
"723",2024,61,NA,NA,"Ilex opaca",2,NA,NA
"724",2024,61,2.9,28,"Ilex opaca",1,8.5344,7.366
"725",2024,61,3.8,28,"Ilex opaca",1,8.5344,9.652
"726",2024,64,1.1,15,"Ilex opaca",1,4.572,2.794
"727",2024,5,5.1,45,"Ilex opaca",1,13.716,12.954
"728",2024,29,NA,NA,"Ulmus americana",0,NA,NA
"729",2024,40,4,27,"Ilex opaca",1,8.2296,10.16
"730",2024,40,3.9,32,"Ilex opaca",1,9.7536,9.906
"731",2024,5,5.1,37,"Ilex opaca",1,11.2776,12.954
"732",2024,49,NA,NA,"Ilex opaca",2,NA,NA
"733",2024,12,5.5,37,"Ulmus americana",1,11.2776,13.97
"734",2024,12,5.5,43,"Ulmus americana",1,13.1064,13.97
"735",2024,12,5,50,"Ulmus americana",1,15.24,12.7
"736",2024,12,1.7,17,"Ulmus americana",1,5.1816,4.318
"737",2024,12,1.3,12,"Ulmus americana",1,3.6576,3.302
"738",2024,12,3.9,39,"Ulmus americana",1,11.8872,9.906
"739",2024,12,1.6,16,"Ulmus americana",1,4.8768,4.064
"740",2024,30,1.3,21,"Ulmus americana",1,6.4008,3.302
"741",2024,37,2.3,26,"Ulmus americana",1,7.9248,5.842
"742",2024,37,5.5,31,"Ulmus americana",1,9.4488,13.97
"743",2024,49,13.3,66,"Ulmus americana",1,20.1168,33.782
"744",2024,49,7.4,59,"Ulmus americana",1,17.9832,18.796
"745",2024,49,9.4,65,"Ulmus americana",1,19.812,23.876
"746",2024,54,5.1,43,"Ulmus americana",1,13.1064,12.954
"747",2024,54,5,41,"Ulmus americana",1,12.4968,12.7
"748",2024,54,1,15,"Ulmus americana",1,4.572,2.54
"749",2024,54,5.5,43,"Ulmus americana",1,13.1064,13.97
"750",2024,55,NA,NA,"Ulmus americana",0,NA,NA
"751",2024,5,16.9,64,"Quercus texana",1,19.5072,42.926
"752",2024,5,NA,NA,"Quercus texana",2,NA,NA
"753",2024,16,8.4,49,"Ilex opaca",1,14.9352,21.336
"754",2024,16,1.4,12,"Ilex opaca",1,3.6576,3.556
"755",2024,16,1.3,9,"Ilex opaca",1,2.7432,3.302
"756",2024,16,1.2,12,"Ilex opaca",1,3.6576,3.048
"757",2024,16,9.5,52,"Ilex opaca",1,15.8496,24.13
"758",2024,16,6.8,50,"Ilex opaca",1,15.24,17.272
"759",2024,16,5.5,47,"Ilex opaca",1,14.3256,13.97
"760",2024,18,1.4,19,"Ilex opaca",1,5.7912,3.556
"761",2024,18,1,14,"Ilex opaca",1,4.2672,2.54
"762",2024,30,1.3,15,"Ilex opaca",1,4.572,3.302
"763",2024,33,1.2,13,"Ilex opaca",1,3.9624,3.048
"764",2024,42,5.3,60,"Ulmus americana",1,18.288,13.462
"765",2024,44,1.2,14,"Ilex opaca",1,4.2672,3.048
"766",2024,44,1,14,"Ilex opaca",1,4.2672,2.54
"767",2024,5,5,46,"Ulmus americana",1,14.0208,12.7
"768",2024,5,6.1,62,"Ulmus americana",1,18.8976,15.494
"769",2024,20,15.8,79,"Ulmus americana",1,24.0792,40.132
"770",2024,38,NA,NA,"Ulmus americana",2,NA,NA
"771",2024,38,NA,NA,"Ulmus americana",2,NA,NA
"772",2024,38,NA,NA,"Ulmus americana",2,NA,NA
"773",2024,40,1,20,"Ulmus americana",1,6.096,2.54
"774",2024,40,1.3,21,"Ulmus americana",1,6.4008,3.302
"775",2024,46,6,52,"Ulmus americana",1,15.8496,15.24
"776",2024,46,5.7,45,"Ulmus americana",1,13.716,14.478
"777",2024,46,8.2,59,"Ulmus americana",1,17.9832,20.828
"778",2024,47,7.7,55,"Ulmus americana",1,16.764,19.558
"779",2024,47,17.3,101,"Ulmus americana",1,30.7848,43.942
"780",2024,47,10.2,50,"Ulmus americana",1,15.24,25.908
"781",2024,47,3.2,37,"Ulmus americana",1,11.2776,8.128
"782",2024,47,11.3,66,"Ulmus americana",1,20.1168,28.702
"783",2024,47,6,57,"Ulmus americana",1,17.3736,15.24
"784",2024,95,5.2,41,"Ilex opaca",1,12.4968,13.208
"785",2024,95,1.7,22,"Ilex opaca",1,6.7056,4.318
"786",2024,95,1.8,15,"Ilex opaca",1,4.572,4.572
"787",2024,95,6.5,40,"Ilex opaca",1,12.192,16.51
"788",2024,10,NA,NA,"Ilex opaca",2,NA,NA
"789",2024,10,NA,NA,"Ilex opaca",2,NA,NA
"790",2024,10,NA,NA,"Ilex opaca",2,NA,NA
"791",2024,10,1.3,8,"Ilex opaca",1,2.4384,3.302
"792",2024,10,NA,NA,"Ilex opaca",2,NA,NA
"793",2024,10,NA,NA,"Ilex opaca",2,NA,NA
"794",2024,26,6.7,30,"Ilex opaca",1,9.144,17.018
"795",2024,40,5,29,"Ilex opaca",1,8.8392,12.7
"796",2024,43,6.5,40,"Ilex opaca",2,12.192,16.51
"797",2024,36,12.6,55,"Quercus texana",1,16.764,32.004
"798",2024,36,13.3,52,"Quercus texana",1,15.8496,33.782
"799",2024,36,10.4,42,"Quercus texana",1,12.8016,26.416
"800",2024,36,12.2,53,"Quercus texana",2,16.1544,30.988
"801",2024,36,9.5,51,"Quercus texana",1,15.5448,24.13
"802",2024,36,8.4,42,"Quercus texana",1,12.8016,21.336
"803",2024,3,1.3,13,"Ilex opaca",1,3.9624,3.302
"804",2024,14,7,45,"Ulmus americana",1,13.716,17.78
"805",2024,7,11.8,64,"Quercus texana",1,19.5072,29.972
"806",2024,11,2,22,"Ilex opaca",1,6.7056,5.08
"807",2024,43,3.9,34,"Ulmus americana",1,10.3632,9.906
"808",2024,47,2.4,34,"Ulmus americana",1,10.3632,6.096
"809",2024,47,2,32,"Ulmus americana",1,9.7536,5.08
"810",2024,110,NA,NA,"Ilex opaca",2,NA,NA
"811",2025,2,10.3,54,"Ulmus americana",1,16.4592,26.162
"812",2025,31,11,58,"Ulmus americana",1,17.6784,27.94
"813",2025,31,12.2,65,"Ulmus americana",1,19.812,30.988
"814",2025,31,NA,NA,"Ulmus americana",2,NA,NA
"815",2025,31,19,91,"Quercus texana",1,27.7368,48.26
"816",2025,50,8.3,60,"Quercus texana",1,18.288,21.082
"817",2025,50,8.5,56,"Quercus texana",2,17.0688,21.59
"818",2025,12,8.5,31,"Quercus texana",1,9.4488,21.59
"819",2025,12,8.6,37,"Quercus texana",1,11.2776,21.844
"820",2025,12,6.2,32,"Quercus texana",1,9.7536,15.748
"821",2025,12,1.9,21,"Ulmus americana",1,6.4008,4.826
"822",2025,13,8.7,67,"Ulmus americana",1,20.4216,22.098
"823",2025,34,16.8,82,"Quercus texana",2,24.9936,42.672
"824",2025,29,9.7,65,"Quercus texana",1,19.812,24.638
"825",2025,29,17.5,79,"Quercus texana",1,24.0792,44.45
"826",2025,4,6.3,51,"Quercus texana",1,15.5448,16.002
"827",2025,4,6.2,49,"Quercus texana",1,14.9352,15.748
"828",2025,4,9,54,"Quercus texana",1,16.4592,22.86
"829",2025,4,6.7,50,"Quercus texana",1,15.24,17.018
"830",2025,4,5.9,53,"Quercus texana",1,16.1544,14.986
"831",2025,4,5.6,50,"Quercus texana",1,15.24,14.224
"832",2025,4,5.1,50,"Quercus texana",1,15.24,12.954
"833",2025,4,5.5,49,"Quercus texana",1,14.9352,13.97
"834",2025,4,5.2,54,"Quercus texana",1,16.4592,13.208
"835",2025,19,6.7,39,"Quercus texana",1,11.8872,17.018
"836",2025,19,5.4,32,"Quercus texana",1,9.7536,13.716
"837",2025,19,17.3,61,"Quercus texana",1,18.5928,43.942
"838",2025,19,4.9,38,"Quercus texana",1,11.5824,12.446
"839",2025,19,8.5,61,"Quercus texana",1,18.5928,21.59
"840",2025,19,8,59,"Quercus texana",1,17.9832,20.32
"841",2025,35,10.1,61,"Quercus texana",1,18.5928,25.654
"842",2025,35,NA,NA,"Quercus texana",2,NA,NA
"843",2025,35,10.1,62,"Quercus texana",1,18.8976,25.654
"844",2025,35,7.5,55,"Quercus texana",1,16.764,19.05
"845",2025,35,6,50,"Quercus texana",1,15.24,15.24
"846",2025,35,8.7,62,"Quercus texana",1,18.8976,22.098
"847",2025,35,9.4,71,"Quercus texana",1,21.6408,23.876
"848",2025,42,5.2,31,"Ulmus americana",1,9.4488,13.208
"849",2025,42,8.5,44,"Quercus texana",1,13.4112,21.59
"850",2025,42,8.6,42,"Quercus texana",1,12.8016,21.844
"851",2025,42,6.7,40,"Quercus texana",1,12.192,17.018
"852",2025,42,5.4,32,"Quercus texana",1,9.7536,13.716
"853",2025,42,6,29,"Quercus texana",1,8.8392,15.24
"854",2025,42,6.9,37,"Quercus texana",1,11.2776,17.526
"855",2025,42,5.1,29,"Quercus texana",1,8.8392,12.954
"856",2025,6,5.3,38,"Quercus texana",1,11.5824,13.462
"857",2025,6,6,38,"Quercus texana",2,11.5824,15.24
"858",2025,6,5.5,38,"Quercus texana",1,11.5824,13.97
"859",2025,6,7.8,38,"Quercus texana",1,11.5824,19.812
"860",2025,6,7.4,41,"Quercus texana",1,12.4968,18.796
"861",2025,6,7.5,41,"Quercus texana",1,12.4968,19.05
"862",2025,6,6.4,40,"Quercus texana",1,12.192,16.256
"863",2025,15,5.5,44,"Quercus texana",1,13.4112,13.97
"864",2025,15,6.2,40,"Quercus texana",1,12.192,15.748
"865",2025,15,5.8,48,"Quercus texana",1,14.6304,14.732
"866",2025,18,3.5,29,"Ulmus americana",1,8.8392,8.89
"867",2025,24,9.5,59,"Ulmus americana",1,17.9832,24.13
"868",2025,2,6.1,52,"Ulmus americana",1,15.8496,15.494
"869",2025,2,5.2,42,"Ulmus americana",1,12.8016,13.208
"870",2025,2,3.3,35,"Ulmus americana",1,10.668,8.382
"871",2025,2,2.6,38,"Ulmus americana",1,11.5824,6.604
"872",2025,2,1.4,13,"Ulmus americana",1,3.9624,3.556
"873",2025,3,16.7,76,"Ulmus americana",1,23.1648,42.418
"874",2025,3,1.7,22,"Ulmus americana",2,6.7056,4.318
"875",2025,3,3.5,36,"Ulmus americana",1,10.9728,8.89
"876",2025,3,5.1,49,"Ulmus americana",1,14.9352,12.954
"877",2025,3,13,72,"Ulmus americana",1,21.9456,33.02
"878",2025,3,13.2,70,"Ulmus americana",1,21.336,33.528
"879",2025,10,15.9,70,"Quercus texana",1,21.336,40.386
"880",2025,10,10.2,48,"Quercus texana",1,14.6304,25.908
"881",2025,10,10,54,"Quercus texana",1,16.4592,25.4
"882",2025,10,8.3,44,"Quercus texana",1,13.4112,21.082
"883",2025,10,7.7,42,"Quercus texana",1,12.8016,19.558
"884",2025,10,5.4,35,"Quercus texana",1,10.668,13.716
"885",2025,10,8.5,52,"Quercus texana",2,15.8496,21.59
"886",2025,25,NA,NA,"Quercus texana",0,NA,NA
"887",2025,25,NA,NA,"Quercus texana",0,NA,NA
"888",2025,32,NA,NA,"Quercus texana",2,NA,NA
"889",2025,39,1.7,20,"Ulmus americana",1,6.096,4.318
"890",2025,55,16,88,"Quercus texana",1,26.8224,40.64
"891",2025,55,24,83,"Quercus texana",1,25.2984,60.96
"892",2025,55,17.1,102,"Quercus texana",1,31.0896,43.434
"893",2025,55,5.2,58,"Ulmus americana",1,17.6784,13.208
"894",2025,55,6.4,69,"Ulmus americana",1,21.0312,16.256
"895",2025,55,20.4,98,"Quercus texana",1,29.8704,51.816
"896",2025,40,3.5,45,"Ulmus americana",1,13.716,8.89
"897",2025,40,NA,NA,"Ulmus americana",2,NA,NA
"898",2025,40,11.3,71,"Quercus texana",1,21.6408,28.702
"899",2025,50,8.8,63,"Quercus texana",1,19.2024,22.352
"900",2025,1,21.5,82,"Quercus texana",1,24.9936,54.61
"901",2025,1,14.2,79,"Quercus texana",1,24.0792,36.068
"902",2025,1,21.4,81,"Quercus texana",1,24.6888,54.356
"903",2025,1,5.6,51,"Quercus texana",1,15.5448,14.224
"904",2025,24,17.4,83,"Quercus texana",1,25.2984,44.196
"905",2025,24,5,58,"Ulmus americana",1,17.6784,12.7
"906",2025,24,10.2,73,"Ulmus americana",1,22.2504,25.908
"907",2025,24,15,83,"Ulmus americana",1,25.2984,38.1
"908",2025,24,5.4,52,"Ulmus americana",1,15.8496,13.716
"909",2025,24,5.7,42,"Ulmus americana",1,12.8016,14.478
"910",2025,29,8.5,48,"Ulmus americana",1,14.6304,21.59
"911",2025,29,1.9,23,"Ulmus americana",1,7.0104,4.826
"912",2025,29,5.8,31,"Quercus texana",2,9.4488,14.732
"913",2025,29,5.9,44,"Ulmus americana",1,13.4112,14.986
"914",2025,29,18,78,"Quercus texana",1,23.7744,45.72
"915",2025,29,5.1,35,"Ulmus americana",1,10.668,12.954
"916",2025,8,10.3,61,"Ulmus americana",1,18.5928,26.162
"917",2025,8,12.2,65,"Ulmus americana",2,19.812,30.988
"918",2025,8,22,89,"Quercus texana",1,27.1272,55.88
"919",2025,24,NA,NA,"Ulmus americana",0,NA,NA
"920",2025,24,NA,NA,"Ulmus americana",0,NA,NA
"921",2025,24,NA,NA,"Ulmus americana",0,NA,NA
"922",2025,24,NA,NA,"Ulmus americana",0,NA,NA
"923",2025,24,NA,NA,"Ulmus americana",0,NA,NA
"924",2025,24,NA,NA,"Ulmus americana",0,NA,NA
"925",2025,24,NA,NA,"Ulmus americana",0,NA,NA
"926",2025,3,6.2,56,"Quercus texana",1,17.0688,15.748
"927",2025,3,4.1,31,"Quercus texana",1,9.4488,10.414
"928",2025,3,NA,NA,"Quercus texana",2,NA,NA
"929",2025,3,7.3,46,"Quercus texana",1,14.0208,18.542
"930",2025,3,8,54,"Quercus texana",1,16.4592,20.32
"931",2025,3,7.5,61,"Quercus texana",1,18.5928,19.05
"932",2025,3,9,67,"Quercus texana",1,20.4216,22.86
"933",2025,3,8.9,59,"Quercus texana",1,17.9832,22.606
"934",2025,3,11.8,66,"Quercus texana",1,20.1168,29.972
"935",2025,3,8.9,63,"Quercus texana",1,19.2024,22.606
"936",2025,3,1.4,13,"Quercus texana",1,3.9624,3.556
"937",2025,3,7.1,51,"Quercus texana",1,15.5448,18.034
"938",2025,3,7.1,58,"Quercus texana",1,17.6784,18.034
"939",2025,3,18.3,82,"Ulmus americana",2,24.9936,46.482
"940",2025,3,14.7,57,"Ulmus americana",1,17.3736,37.338
"941",2025,1,15.3,74,"Quercus texana",1,22.5552,38.862
"942",2025,42,18,82,"Quercus texana",1,24.9936,45.72
"943",2025,42,12.3,60,"Quercus texana",1,18.288,31.242
"944",2025,42,29,105,"Quercus texana",1,32.004,73.66
"945",2025,42,12.7,72,"Quercus texana",1,21.9456,32.258
"946",2025,42,18.5,76,"Quercus texana",1,23.1648,46.99
"947",2025,42,2,23,"Ulmus americana",1,7.0104,5.08
"948",2025,42,5.4,42,"Ulmus americana",1,12.8016,13.716
"949",2025,42,8.7,54,"Ulmus americana",1,16.4592,22.098
"950",2025,42,5.7,47,"Quercus texana",1,14.3256,14.478
"951",2025,12,2,16,"Ulmus americana",1,4.8768,5.08
"952",2025,12,6.9,62,"Ulmus americana",1,18.8976,17.526
"953",2025,12,9,56,"Ulmus americana",1,17.0688,22.86
"954",2025,12,1.4,24,"Ulmus americana",1,7.3152,3.556
"955",2025,12,11.7,73,"Ulmus americana",1,22.2504,29.718
"956",2025,12,6.5,57,"Ulmus americana",1,17.3736,16.51
"957",2025,12,5.5,49,"Ulmus americana",1,14.9352,13.97
"958",2025,15,8.4,42,"Ulmus americana",1,12.8016,21.336
"959",2025,15,8,48,"Ulmus americana",1,14.6304,20.32
"960",2025,15,5.4,42,"Ulmus americana",1,12.8016,13.716
"961",2025,15,2.5,28,"Ulmus americana",1,8.5344,6.35
"962",2025,19,13.9,66,"Ulmus americana",1,20.1168,35.306
"963",2025,19,9.7,53,"Ulmus americana",1,16.1544,24.638
"964",2025,19,2.8,31,"Ulmus americana",1,9.4488,7.112
"965",2025,19,1.5,15,"Ulmus americana",1,4.572,3.81
"966",2025,19,21.7,80,"Ulmus americana",1,24.384,55.118
"967",2025,19,12,62,"Ulmus americana",1,18.8976,30.48
"968",2025,19,5.6,50,"Ulmus americana",1,15.24,14.224
"969",2025,19,10.2,64,"Ulmus americana",1,19.5072,25.908
"970",2025,21,7.1,48,"Ulmus americana",1,14.6304,18.034
"971",2025,21,9.2,55,"Ulmus americana",1,16.764,23.368
"972",2025,21,NA,NA,"Ulmus americana",2,NA,NA
"973",2025,21,5.2,33,"Ulmus americana",1,10.0584,13.208
"974",2025,21,5,48,"Ulmus americana",1,14.6304,12.7
"975",2025,21,6.7,52,"Ulmus americana",1,15.8496,17.018
"976",2025,31,9.8,66,"Ulmus americana",1,20.1168,24.892
"977",2025,1,11.9,62,"Ulmus americana",1,18.8976,30.226
"978",2025,1,6.7,61,"Ulmus americana",1,18.5928,17.018
"979",2025,1,10.1,54,"Ulmus americana",1,16.4592,25.654
"980",2025,1,6.7,49,"Ulmus americana",1,14.9352,17.018
"981",2025,1,6.2,43,"Quercus texana",1,13.1064,15.748
"982",2025,89,7.7,68,"Ulmus americana",2,20.7264,19.558
"983",2025,89,7.4,67,"Ulmus americana",2,20.4216,18.796
"984",2025,89,NA,NA,"Ulmus americana",2,NA,NA
"985",2025,89,5.5,38,"Ulmus americana",1,11.5824,13.97
"986",2025,89,4.3,45,"Ulmus americana",1,13.716,10.922
"987",2025,89,2,22,"Ulmus americana",1,6.7056,5.08
"988",2025,89,2.5,27,"Ulmus americana",1,8.2296,6.35
"989",2025,89,NA,NA,"Ulmus americana",2,NA,NA
"990",2025,10,25.4,80,"Quercus texana",1,24.384,64.516
"991",2025,10,11.2,81,"Quercus texana",1,24.6888,28.448
"992",2025,10,8.6,58,"Ulmus americana",1,17.6784,21.844
"993",2025,10,9.3,71,"Quercus texana",1,21.6408,23.622
"994",2025,5,NA,NA,"Ilex opaca",0,NA,NA
"995",2025,5,NA,NA,"Ilex opaca",0,NA,NA
"996",2025,5,NA,NA,"Ilex opaca",0,NA,NA
"997",2025,14,3.8,28,"Ilex opaca",1,8.5344,9.652
"998",2025,14,2.3,23,"Ilex opaca",1,7.0104,5.842
"999",2025,18,6.5,50,"Ilex opaca",1,15.24,16.51
"1000",2025,18,1.8,18,"Ilex opaca",1,5.4864,4.572
"1001",2025,21,1.3,15,"Ilex opaca",1,4.572,3.302
"1002",2025,21,1.6,12,"Ilex opaca",1,3.6576,4.064
"1003",2025,24,1.4,15,"Ilex opaca",1,4.572,3.556
"1004",2025,30,1.9,17,"Ilex opaca",1,5.1816,4.826
"1005",2025,30,6.1,47,"Ilex opaca",1,14.3256,15.494
"1006",2025,19,5.5,38,"Ilex opaca",1,11.5824,13.97
"1007",2025,34,NA,NA,"Ilex opaca",2,NA,NA
"1008",2025,34,NA,NA,"Ilex opaca",2,NA,NA
"1009",2025,34,NA,NA,"Ilex opaca",2,NA,NA
"1010",2025,34,NA,NA,"Ilex opaca",2,NA,NA
"1011",2025,34,NA,NA,"Ilex opaca",2,NA,NA
"1012",2025,34,NA,NA,"Ilex opaca",2,NA,NA
"1013",2025,34,NA,NA,"Ilex opaca",2,NA,NA
"1014",2025,34,NA,NA,"Ilex opaca",2,NA,NA
"1015",2025,34,NA,NA,"Ilex opaca",2,NA,NA
"1016",2025,47,5.5,40,"Ulmus americana",1,12.192,13.97
"1017",2025,47,1.2,20,"Ilex opaca",1,6.096,3.048
"1018",2025,47,7.8,51,"Ilex opaca",1,15.5448,19.812
"1019",2025,47,5.9,47,"Ilex opaca",1,14.3256,14.986
"1020",2025,64,1,16,"Ilex opaca",1,4.8768,2.54
"1021",2025,125,NA,NA,"Ilex opaca",2,NA,NA
"1022",2025,22,6.6,45,"Quercus texana",1,13.716,16.764
"1023",2025,22,5.8,52,"Quercus texana",1,15.8496,14.732
"1024",2025,22,5.9,55,"Quercus texana",1,16.764,14.986
"1025",2025,22,11.6,64,"Quercus texana",2,19.5072,29.464
"1026",2025,22,6.4,46,"Quercus texana",1,14.0208,16.256
"1027",2025,22,7.9,59,"Quercus texana",1,17.9832,20.066
"1028",2025,22,5.2,43,"Ulmus americana",1,13.1064,13.208
"1029",2025,22,5.8,40,"Ulmus americana",1,12.192,14.732
"1030",2025,22,1.1,11,"Ilex opaca",2,3.3528,2.794
"1031",2025,31,5.9,41,"Quercus texana",2,12.4968,14.986
"1032",2025,31,11.5,90,"Quercus texana",1,27.432,29.21
"1033",2025,31,12.3,80,"Quercus texana",1,24.384,31.242
"1034",2025,31,7,58,"Quercus texana",1,17.6784,17.78
"1035",2025,31,8.7,53,"Quercus texana",1,16.1544,22.098
"1036",2025,31,7.2,53,"Quercus texana",2,16.1544,18.288
"1037",2025,31,8.4,54,"Quercus texana",2,16.4592,21.336
"1038",2025,31,5.4,55,"Quercus texana",2,16.764,13.716
"1039",2025,31,7.5,52,"Quercus texana",2,15.8496,19.05
"1040",2025,31,7.2,62,"Quercus texana",1,18.8976,18.288
"1041",2025,8,7,45,"Ilex opaca",1,13.716,17.78
"1042",2025,8,NA,NA,"Ilex opaca",2,NA,NA
"1043",2025,8,5.1,32,"Ilex opaca",1,9.7536,12.954
"1044",2025,8,6.7,37,"Ilex opaca",1,11.2776,17.018
"1045",2025,8,3.8,35,"Ilex opaca",1,10.668,9.652
"1046",2025,8,1.2,15,"Ilex opaca",1,4.572,3.048
"1047",2025,8,5.6,40,"Ilex opaca",1,12.192,14.224
"1048",2025,8,8.6,52,"Ilex opaca",1,15.8496,21.844
"1049",2025,8,NA,NA,"Ilex opaca",2,NA,NA
"1050",2025,8,5.6,46,"Ilex opaca",1,14.0208,14.224
"1051",2025,8,5,31,"Ilex opaca",1,9.4488,12.7
"1052",2025,8,4.4,38,"Ilex opaca",1,11.5824,11.176
"1053",2025,8,3.7,33,"Ilex opaca",1,10.0584,9.398
"1054",2025,8,5.2,43,"Ilex opaca",1,13.1064,13.208
"1055",2025,8,6.4,48,"Ilex opaca",1,14.6304,16.256
"1056",2025,8,7,50,"Ilex opaca",1,15.24,17.78
"1057",2025,25,6.7,57,"Quercus texana",1,17.3736,17.018
"1058",2025,25,6.3,56,"Quercus texana",1,17.0688,16.002
"1059",2025,25,8,69,"Quercus texana",1,21.0312,20.32
"1060",2025,33,3.1,30,"Ilex opaca",1,9.144,7.874
"1061",2025,33,1.6,21,"Ilex opaca",1,6.4008,4.064
"1062",2025,33,1.6,27,"Ilex opaca",1,8.2296,4.064
"1063",2025,33,1.1,16,"Ilex opaca",2,4.8768,2.794
"1064",2025,33,1.8,26,"Ilex opaca",1,7.9248,4.572
"1065",2025,33,5,38,"Ilex opaca",1,11.5824,12.7
"1066",2025,36,1.2,14,"Ilex opaca",1,4.2672,3.048
"1067",2025,36,7.3,50,"Ilex opaca",1,15.24,18.542
"1068",2025,36,2.8,32,"Ilex opaca",1,9.7536,7.112
"1069",2025,36,2.1,32,"Ilex opaca",1,9.7536,5.334
"1070",2025,36,NA,NA,"Ilex opaca",2,NA,NA
"1071",2025,36,1,10,"Ilex opaca",1,3.048,2.54
"1072",2025,71,27.8,98,"Quercus texana",1,29.8704,70.612
"1073",2025,71,20.4,94,"Quercus texana",1,28.6512,51.816
"1074",2025,6,2.1,19,"Ilex opaca",1,5.7912,5.334
"1075",2025,54,13.3,64,"Ulmus americana",1,19.5072,33.782
"1076",2025,54,8.2,52,"Ulmus americana",2,15.8496,20.828
"1077",2025,54,NA,NA,"Ulmus americana",2,NA,NA
"1078",2025,54,19.2,81,"Ulmus americana",1,24.6888,48.768
"1079",2025,56,6.9,50,"Ulmus americana",1,15.24,17.526
"1080",2025,56,5.7,58,"Ulmus americana",1,17.6784,14.478
"1081",2025,68,8.6,50,"Ulmus americana",1,15.24,21.844
"1082",2025,2,1.9,12,"Ilex opaca",1,3.6576,4.826
"1083",2025,9,NA,NA,"Ilex opaca",0,NA,NA
"1084",2025,47,2.5,18,"Ilex opaca",1,5.4864,6.35
"1085",2025,47,3.5,26,"Ilex opaca",1,7.9248,8.89
"1086",2025,54,5.3,51,"Ilex opaca",1,15.5448,13.462
"1087",2025,54,4.8,32,"Ilex opaca",1,9.7536,12.192
"1088",2025,54,6.7,39,"Ilex opaca",1,11.8872,17.018
"1089",2025,70,1.4,15,"Ilex opaca",1,4.572,3.556
"1090",2025,70,1.1,14,"Ilex opaca",1,4.2672,2.794
"1091",2025,70,1.9,20,"Ilex opaca",1,6.096,4.826
"1092",2025,73,NA,NA,"Ilex opaca",2,NA,NA
"1093",2025,73,NA,NA,"Ilex opaca",2,NA,NA
"1094",2025,73,1,15,"Ilex opaca",1,4.572,2.54
"1095",2025,81,1.2,10,"Ilex opaca",1,3.048,3.048
"1096",2025,89,5.1,38,"Ilex opaca",1,11.5824,12.954
"1097",2025,6,NA,NA,"Ulmus americana",0,NA,NA
"1098",2025,20,NA,NA,"Quercus texana",0,NA,NA
"1099",2025,20,NA,NA,"Quercus texana",0,NA,NA
"1100",2025,20,NA,NA,"Quercus texana",0,NA,NA
"1101",2025,26,NA,NA,"Ulmus americana",0,NA,NA
"1102",2025,5,15.4,69,"Quercus texana",1,21.0312,39.116
"1103",2025,49,5.9,40,"Ilex opaca",1,12.192,14.986
"1104",2025,68,2.7,23,"Ilex opaca",1,7.0104,6.858
"1105",2025,68,5,38,"Ilex opaca",1,11.5824,12.7
"1106",2025,68,5.4,41,"Ilex opaca",1,12.4968,13.716
"1107",2025,39,NA,NA,"Ulmus americana",2,NA,NA
"1108",2025,29,2.7,15,"Ilex opaca",1,4.572,6.858
"1109",2025,8,6.2,40,"Ilex opaca",1,12.192,15.748
"1110",2025,8,5.1,44,"Ilex opaca",1,13.4112,12.954
"1111",2025,35,5.7,41,"Ilex opaca",1,12.4968,14.478
"1112",2025,42,3,33,"Ilex opaca",1,10.0584,7.62
"1113",2025,42,2.4,26,"Ilex opaca",1,7.9248,6.096
"1114",2025,42,5.2,39,"Ilex opaca",1,11.8872,13.208
"1115",2025,42,6.7,48,"Ilex opaca",1,14.6304,17.018
"1116",2025,42,6.1,48,"Ilex opaca",1,14.6304,15.494
"1117",2025,42,5,39,"Ilex opaca",1,11.8872,12.7
"1118",2025,42,6.6,41,"Ilex opaca",1,12.4968,16.764
"1119",2025,42,5.1,41,"Ilex opaca",1,12.4968,12.954
"1120",2025,99,4.3,28,"Ilex opaca",1,8.5344,10.922
"1121",2025,5,6.7,47,"Ulmus americana",1,14.3256,17.018
"1122",2025,8,13.6,64,"Ulmus americana",1,19.5072,34.544
"1123",2025,10,6.7,57,"Ulmus americana",1,17.3736,17.018
"1124",2025,10,8.7,53,"Ulmus americana",1,16.1544,22.098
"1125",2025,10,7.7,64,"Ulmus americana",1,19.5072,19.558
"1126",2025,10,18,71,"Ulmus americana",1,21.6408,45.72
"1127",2025,10,5.8,45,"Ulmus americana",1,13.716,14.732
"1128",2025,58,19.4,92,"Ulmus americana",1,28.0416,49.276
"1129",2025,58,7.4,20,"Ulmus americana",2,6.096,18.796
"1130",2025,58,11.8,56,"Ulmus americana",1,17.0688,29.972
"1131",2025,28,5.7,45,"Ulmus americana",1,13.716,14.478
"1132",2025,28,11.8,89,"Ulmus americana",1,27.1272,29.972
"1133",2025,32,1.4,14,"Ilex opaca",1,4.2672,3.556
"1134",2025,38,2.3,21,"Ilex opaca",1,6.4008,5.842
"1135",2025,38,1.7,18,"Ilex opaca",1,5.4864,4.318
"1136",2025,38,1.7,21,"Ilex opaca",1,6.4008,4.318
"1137",2025,40,1.7,13,"Ilex opaca",1,3.9624,4.318
"1138",2025,47,1.6,19,"Ilex opaca",1,5.7912,4.064
"1139",2025,48,5.1,32,"Ilex opaca",1,9.7536,12.954
"1140",2025,48,6.4,45,"Ilex opaca",1,13.716,16.256
"1141",2025,48,7.2,44,"Ilex opaca",1,13.4112,18.288
"1142",2025,48,1.4,16,"Ilex opaca",1,4.8768,3.556
"1143",2025,48,1.1,14,"Ilex opaca",1,4.2672,2.794
"1144",2025,27,9.3,44,"Ulmus americana",1,13.4112,23.622
"1145",2025,1,1.3,11,"Ilex opaca",1,3.3528,3.302
"1146",2025,13,9.9,73,"Ulmus americana",1,22.2504,25.146
"1147",2025,13,7.9,58,"Ulmus americana",1,17.6784,20.066
"1148",2025,13,9.8,78,"Ulmus americana",1,23.7744,24.892
"1149",2025,13,5.4,56,"Ulmus americana",1,17.0688,13.716
"1150",2025,13,5.7,49,"Ulmus americana",1,14.9352,14.478
"1151",2025,13,NA,NA,"Ulmus americana",2,NA,NA
"1152",2025,13,5,30,"Ilex opaca",1,9.144,12.7
"1153",2025,13,5.5,42,"Ulmus americana",1,12.8016,13.97
"1154",2025,14,3.9,34,"Ilex opaca",1,10.3632,9.906
"1155",2025,19,12.5,76,"Ilex opaca",1,23.1648,31.75
"1156",2025,19,8.7,56,"Ilex opaca",1,17.0688,22.098
"1157",2025,29,1.1,11,"Ilex opaca",1,3.3528,2.794
"1158",2025,32,4,34,"Ilex opaca",1,10.3632,10.16
"1159",2025,9,1.8,21,"Ilex opaca",1,6.4008,4.572
"1160",2025,9,2.4,22,"Ilex opaca",1,6.7056,6.096
"1161",2025,18,2.5,25,"Ilex opaca",1,7.62,6.35
"1162",2025,6,15.9,69,"Ulmus americana",2,21.0312,40.386
"1163",2025,6,5,37,"Ulmus americana",1,11.2776,12.7
"1164",2025,11,7.3,61,"Ilex opaca",1,18.5928,18.542
"1165",2025,11,5.2,41,"Ilex opaca",1,12.4968,13.208
"1166",2025,11,5.6,48,"Ilex opaca",1,14.6304,14.224
"1167",2025,11,6.4,46,"Ilex opaca",1,14.0208,16.256
"1168",2025,11,5.4,13,"Ilex opaca",1,3.9624,13.716
"1169",2025,15,1.1,14,"Ilex opaca",1,4.2672,2.794
"1170",2025,15,1.4,14,"Ilex opaca",1,4.2672,3.556
"1171",2025,15,2.6,19,"Ilex opaca",1,5.7912,6.604
"1172",2025,15,2,13,"Ilex opaca",1,3.9624,5.08
"1173",2025,2,1.2,13,"Ilex opaca",1,3.9624,3.048
"1174",2025,39,NA,NA,"Quercus texana",2,NA,NA
"1175",2025,39,8.7,43,"Quercus texana",1,13.1064,22.098
"1176",2025,42,7.7,63,"Ulmus americana",1,19.2024,19.558
"1177",2025,50,5.2,41,"Ilex opaca",1,12.4968,13.208
"1178",2025,50,6.4,38,"Ilex opaca",1,11.5824,16.256
"1179",2025,50,5.1,38,"Ilex opaca",1,11.5824,12.954
