"Time","PM10","Temperature","Pressure","Windspeed","Humidity","RainDuration","Radiation"
"01.08.2026 01:00",24.938,21.34,993.4,0.35,75.9,0,0
"01.08.2026 02:00",25.015,20.31,993.4,0.52,82.6,1,0
"01.08.2026 03:00",24.892,19.2,993.9,0.63,86.6,0,0
"01.08.2026 04:00",24.636,17.95,994.1,0.6,88.1,7,0
"01.08.2026 05:00",24.344,17,994.3,0.46,90,5,0
"01.08.2026 06:00",24.1,16.17,994.7,0.34,91,0,22.9
"01.08.2026 07:00",23.488,16.19,994.9,0.39,87.9,0,52.4
"01.08.2026 08:00",22.839,16.56,995.2,0.52,84.3,0,112.4
"01.08.2026 09:00",22.425,17.08,995.8,0.48,81.5,0,128.9
"01.08.2026 10:00",21.803,18.15,996.2,0.61,75.8,0,317.1
"01.08.2026 11:00",21.123,20.28,996.4,0.65,65,0,586.2
"01.08.2026 12:00",20.487,22.05,996.3,0.66,53.4,0,747.1
"01.08.2026 13:00",19.777,23.36,996.4,0.63,49.1,0,744.4
"01.08.2026 14:00",19.137,24.1,996.3,0.64,43.3,0,760
"01.08.2026 15:00",18.434,24.44,996.4,0.72,41.7,0,572.5
"01.08.2026 16:00",17.685,24.71,996.5,0.65,38.9,0,622.4
"01.08.2026 17:00",16.954,24.44,996.6,0.62,39.5,0,340.2
"01.08.2026 18:00",16.444,23.73,996.7,0.55,40.3,0,161.9
"01.08.2026 19:00",16.033,22.25,997,0.58,42,0,40.6
"01.08.2026 20:00",15.552,21.12,997.5,0.49,43.9,0,22.6
"01.08.2026 21:00",14.854,18.84,998,0.53,52.5,0,0
"01.08.2026 22:00",13.902,16.58,998.1,0.57,62.4,0,0
"01.08.2026 23:00",12.102,14.98,998.4,0.39,69.3,0,0
"02.08.2026 00:00",11.26,13.75,998.8,0.46,75.2,0,0
"02.08.2026 01:00",10.627,12.88,998.8,0.46,79.6,0,0
"02.08.2026 02:00",10.012,12.04,998.8,0.5,83.7,0,0
"02.08.2026 03:00",9.599,11.21,999,0.47,87,0,0
"02.08.2026 04:00",9.283,10.51,999,0.44,89.3,0,0
"02.08.2026 05:00",8.968,10.14,999,0.44,91,0,0.1
"02.08.2026 06:00",8.764,10.23,999,0.4,91.8,0,18.4
"02.08.2026 07:00",8.679,11.2,999,0.26,90.4,0,44.1
"02.08.2026 08:00",8.729,13.14,999,0.12,85.4,0,101.9
"02.08.2026 09:00",8.847,17.2,999,0.27,67.7,0,379.5
"02.08.2026 10:00",8.941,22.38,998.5,0.49,48.2,0,584.3
"02.08.2026 11:00",8.912,24.19,998.2,0.93,42.5,0,706.9
"02.08.2026 12:00",8.938,25.51,997.9,0.85,38.2,0,812.2
"02.08.2026 13:00",9.023,26.21,997.4,0.79,36.4,0,814.7
"02.08.2026 14:00",9.109,27.31,997.1,0.84,34.1,0,821.3
"02.08.2026 15:00",9.194,27.57,996.7,0.75,32.3,0,775.7
"02.08.2026 16:00",9.316,28.55,996.3,0.62,29.1,0,652.3
"02.08.2026 17:00",9.461,28.34,995.9,0.49,28.9,0,422.8
"02.08.2026 18:00",9.649,27.28,995.5,0.66,31.5,0,135.4
"02.08.2026 19:00",9.839,25.51,995.3,0.85,34.2,0,36.4
"02.08.2026 20:00",10.08,24.17,995.2,0.97,37.9,0,16.6
"02.08.2026 21:00",10.243,22.32,995.5,1.01,44.4,0,0
"02.08.2026 22:00",10.226,21.37,995.6,1.11,48.3,1,0
"02.08.2026 23:00",10.326,20.49,995.7,0.98,52.7,0,0
"03.08.2026 00:00",10.571,19.26,995.7,0.51,56.4,0,0
"03.08.2026 01:00",10.758,18.09,995.6,0.25,59.7,0,0
"03.08.2026 02:00",10.89,15.77,995.2,0.33,69.5,0,0
"03.08.2026 03:00",10.963,14.61,994.7,0.38,75.2,0,0
"03.08.2026 04:00",10.987,13.71,994.5,0.3,79.5,0,0
"03.08.2026 05:00",11.022,13.03,994.3,0.43,83.1,0,0.4
"03.08.2026 06:00",11.059,12.88,994.3,0.36,85.3,0,14.2
"03.08.2026 07:00",11.147,14.27,994.3,0.15,82.7,0,56.7
"03.08.2026 08:00",11.317,17.04,994.2,0.2,71.3,0,64.5
"03.08.2026 09:00",11.307,20.91,994.1,0.38,58.7,0,360.4
"03.08.2026 10:00",11.366,25.71,993.7,0.22,46.3,0,613.2
"03.08.2026 11:00",11.534,28.19,993.2,0.32,41.7,0,679.6
"03.08.2026 12:00",11.704,29.12,993,0.38,39.4,0,562.8
"03.08.2026 13:00",11.929,31.16,992.4,0.42,36.5,0,766.7
"03.08.2026 14:00",12.267,32.21,991.8,0.41,37.9,0,740.9
"03.08.2026 15:00",12.702,33.37,991.1,0.51,38.7,0,677.4
"03.08.2026 16:00",13.122,33.97,990.6,0.5,38.1,0,585.1
"03.08.2026 17:00",13.594,34.07,990,0.59,37.3,0,336.9
"03.08.2026 18:00",14.196,28.23,990.1,0.38,60.7,21,73.2
"03.08.2026 19:00",14.498,22.15,990.6,0.46,96.1,6,102.8
"03.08.2026 20:00",14.715,22.4,990.2,0.28,97,0,17.3
"03.08.2026 21:00",14.879,21.81,990.6,0.31,97.8,0,0.3
"03.08.2026 22:00",15.273,20.76,990.7,0.32,98.3,0,0
"03.08.2026 23:00",15.883,20.16,990.6,0.31,98.9,0,0
"04.08.2026 00:00",16.643,19.69,990.4,0.28,99.3,0,0
"04.08.2026 01:00",17.437,19.42,990,0.28,99.7,0,0
"04.08.2026 02:00",18.245,19.36,990.6,0.27,99.9,0,0
"04.08.2026 03:00",19.097,19.51,990.3,0.53,99.7,0,0
"04.08.2026 04:00",19.846,19.7,990.6,0.47,99.3,5,0.1
"04.08.2026 05:00",20.518,19.63,992,0.62,98.3,31,0.3
"04.08.2026 06:00",21.021,19.3,991.9,0.69,98.8,0,6.8
"04.08.2026 07:00",21.326,19.51,990.8,0.49,98.6,0,52.2
"04.08.2026 08:00",21.41,20.26,990.9,0.25,98.5,0,135.3
"04.08.2026 09:00",21.606,21.25,991,0.34,96.7,0,243.5
"04.08.2026 10:00",21.748,23.52,991.3,0.72,87.8,0,561.8
"04.08.2026 11:00",21.839,26.93,991.5,0.96,68,0,693.7
"04.08.2026 12:00",21.887,28.95,991.3,0.85,57.8,0,710.3
"04.08.2026 13:00",21.872,30.53,991.1,0.82,53,0,779.3
"04.08.2026 14:00",21.763,32.67,990.8,0.67,44.8,0,778.5
"04.08.2026 15:00",21.572,33.73,990.5,0.48,39.8,0,714.6
"04.08.2026 16:00",21.441,33.66,990.3,0.78,38.7,0,431
"04.08.2026 17:00",21.243,32.33,990.1,0.34,42,0,147.5
"04.08.2026 18:00",20.811,32.16,989.9,0.42,44.1,0,106.8
"04.08.2026 19:00",20.691,30.39,989.9,0.45,51.5,0,43.2
"04.08.2026 20:00",20.463,28.26,990.2,0.52,60.8,0,21.3
"04.08.2026 21:00",20.315,25.95,990.6,0.6,71.4,7,0.1
"04.08.2026 22:00",19.927,24.14,990.5,0.53,76.6,0,0
"04.08.2026 23:00",19.396,22.49,990.6,0.47,82.5,0,0
"05.08.2026 00:00",18.652,21.58,990.5,0.44,84,0,0
"05.08.2026 01:00",18.111,21.06,991,0.36,91.2,19,0
"05.08.2026 02:00",17.714,20.95,991.3,0.29,95.9,25,0
"05.08.2026 03:00",17.193,20.74,991.6,0.3,97.1,0,0
"05.08.2026 04:00",16.805,19.95,992,0.35,97.6,0,0
"05.08.2026 05:00",16.678,19.27,991.9,0.27,98.2,0,0.1
"05.08.2026 06:00",16.836,19.02,992.1,0.31,98.6,0,11.7
"05.08.2026 07:00",17.166,19.69,992.3,0.37,99,0,39.4
"05.08.2026 08:00",17.216,20.67,992.6,0.31,98,0,53.8
"05.08.2026 09:00",17.169,22.56,992.8,0.67,90.8,0,317.7
"05.08.2026 10:00",17.15,27.09,992.8,0.23,65.7,0,599.7
"05.08.2026 11:00",17.087,28.96,992.7,0.76,54.3,0,710.4
"05.08.2026 12:00",17.117,30.2,992.5,1.6,48.2,0,789.4
"05.08.2026 13:00",17.194,31.34,992.2,1.66,42.8,0,722.8
"05.08.2026 14:00",17.213,31.65,991.9,1.69,41.5,0,489.8
"05.08.2026 15:00",17.182,32.09,991.8,1.66,39.7,0,595
"05.08.2026 16:00",17.087,30.97,991.7,0.86,41.7,0,187.5
"05.08.2026 17:00",16.984,32.08,991.5,0.6,42.2,0,338.2
"05.08.2026 18:00",17.018,30.79,991.3,0.28,44.7,0,98.6
"05.08.2026 19:00",17.017,29.17,991.9,0.76,51.2,0,47.5
"05.08.2026 20:00",16.978,27.55,992.6,0.41,54.1,0,18.6
"05.08.2026 21:00",16.879,25,993.3,0.32,65.2,0,0
"05.08.2026 22:00",16.869,22.74,993.8,0.43,75,0,0
"05.08.2026 23:00",16.811,21.11,994,0.44,82.1,0,0
"06.08.2026 00:00",16.758,20.04,994.5,0.45,86.1,0,0
"06.08.2026 01:00",16.55,19.88,994.8,0.43,86.8,0,0
"06.08.2026 02:00",16.26,19.73,995,0.41,87.2,0,0
"06.08.2026 03:00",16.042,19.38,995.1,0.45,88.1,0,0
"06.08.2026 04:00",15.812,18.78,995.4,0.37,89,0,0
"06.08.2026 05:00",15.401,18.89,995.6,0.09,78.1,0,0
"06.08.2026 06:00",14.856,18.6,995.8,0.1,75.4,0,13.9
"06.08.2026 07:00",14.49,19.33,996.2,0.31,71.1,0,63.1
"06.08.2026 08:00",14.437,20.22,996.5,0.49,62.8,0,70.3
"06.08.2026 09:00",14.309,21.65,996.6,0.38,55.3,0,328.9
"06.08.2026 10:00",14.213,23.76,996.7,0.63,48.3,0,613.3
"06.08.2026 11:00",14.212,24.78,996.9,0.51,45.5,0,720.4
"06.08.2026 12:00",14.09,25.3,996.9,0.69,42.5,0,820.4
"06.08.2026 13:00",13.946,26.08,997.2,0.68,33.9,0,727.6
"06.08.2026 14:00",13.713,25.3,997.4,0.91,37.4,0,528.1
"06.08.2026 15:00",13.697,24.48,997.6,0.96,40.5,0,353.1
"06.08.2026 16:00",13.733,23.9,997.5,0.81,42.9,0,266.7
"06.08.2026 17:00",13.821,23.84,997.4,0.81,44.1,0,237.2
"06.08.2026 18:00",13.941,23.76,997.4,0.71,44,0,154
"06.08.2026 19:00",13.906,22.83,997.5,0.81,45.2,0,76.4
"06.08.2026 20:00",14.207,22.04,997.8,0.4,47.9,0,21.3
"06.08.2026 21:00",14.958,20.15,998.5,0.3,53.9,0,0
"06.08.2026 22:00",15.259,17.55,998.9,0.51,65.4,0,0
"06.08.2026 23:00",15.556,15.67,999.2,0.4,73.6,0,0
"07.08.2026 00:00",15.609,15.04,1000,0.39,74,0,0
"07.08.2026 01:00",15.528,14.46,1000,0.41,74.1,0,0
"07.08.2026 02:00",15.401,12.79,1000,0.49,81.7,0,0
"07.08.2026 03:00",15.261,11.71,1000,0.48,85.5,0,0
"07.08.2026 04:00",15.116,10.89,1000.7,0.51,88,0,0
"07.08.2026 05:00",14.979,10.27,1001,0.5,90,0,0
"07.08.2026 06:00",14.874,10.08,1001,0.48,91.2,0,11.5
"07.08.2026 07:00",14.585,11.57,1001,0.27,89.3,0,32.9
"07.08.2026 08:00",14.434,14.18,1001,0.3,78,0,51.3
"07.08.2026 09:00",14.323,16.98,1001,0.3,67.1,0,310.6
"07.08.2026 10:00",14.034,19.58,1001,0.29,59,0,573.9
"07.08.2026 11:00",13.745,20.9,1001,0.43,52,0,556.4
"07.08.2026 12:00",13.493,22.22,1000.7,0.34,46.5,0,810.8
"07.08.2026 13:00",13.186,22.23,1000.3,0.39,45.2,0,567.2
"07.08.2026 14:00",13.003,22.27,1000,0.49,45,0,505
"07.08.2026 15:00",12.72,21.2,1000,0.76,49.8,0,209.4
"07.08.2026 16:00",12.398,20.8,1000,0.57,52.5,0,190.5
"07.08.2026 17:00",12.048,21.22,1000,0.64,51,0,232.4
"07.08.2026 18:00",11.566,21.3,1000,0.53,48.9,0,82.7
"07.08.2026 19:00",11.218,20.34,1000,0.51,48.9,0,38
"07.08.2026 20:00",10.659,19.16,1000,0.38,54.7,0,19.8
"07.08.2026 21:00",9.698,17.1,1000.3,0.31,64.2,0,0
"07.08.2026 22:00",9.233,14.99,1001,0.23,74.3,0,0
"07.08.2026 23:00",8.853,13.98,1001,0.49,79.8,0,0
"08.08.2026 00:00",8.663,12.89,1001,0.44,84.5,0,0
"08.08.2026 01:00",8.567,11.96,1001,0.42,87.9,0,0
"08.08.2026 02:00",8.498,11.3,1001,0.45,90.5,0,0
"08.08.2026 03:00",8.475,10.76,1001,0.46,92.1,0,0
"08.08.2026 04:00",8.438,10.62,1001,0.41,93.3,0,0
"08.08.2026 05:00",8.434,11.03,1001.1,0.35,93,0,0
"08.08.2026 06:00",8.374,10.55,1001.5,0.38,93.8,0,11.7
"08.08.2026 07:00",8.339,11.24,1001.1,0.17,94.2,0,35.1
"08.08.2026 08:00",8.349,12.95,1001,0.24,89.4,0,52.6
"08.08.2026 09:00",8.431,16.96,1001,0.45,70.8,0,309.3
"08.08.2026 10:00",8.559,21.01,1001,0.53,53.6,0,618.7
"08.08.2026 11:00",8.655,22.87,1001,0.45,46.9,0,736.5
"08.08.2026 12:00",8.842,23.88,1000,0.43,43.5,0,796.1
"08.08.2026 13:00",9.028,25.25,999.6,0.41,39.2,0,845.3
"08.08.2026 14:00",9.254,26.15,999,0.5,36.1,0,828
"08.08.2026 15:00",9.506,26.98,998.9,0.54,34.1,0,750.6
"08.08.2026 16:00",9.712,27.76,998.5,0.35,32.6,0,635.2
"08.08.2026 17:00",9.976,27.82,997.9,0.46,31.5,0,352.9
"08.08.2026 18:00",10.222,26.29,997.4,0.51,33.5,0,55.8
"08.08.2026 19:00",10.453,25.57,997.3,1.03,35.7,0,31.5
"08.08.2026 20:00",10.783,24.09,997.4,0.8,39.4,0,8.3
"08.08.2026 21:00",10.936,22.58,997.4,1.13,41.9,0,0
"08.08.2026 22:00",10.953,21.76,997.4,1.41,42.9,0,0
"08.08.2026 23:00",10.982,20.99,997.4,1.1,44.5,0,0
"09.08.2026 00:00",11.049,19.4,997.3,0.41,49.9,0,0
"09.08.2026 01:00",11.064,17.46,997.2,0.2,57.5,0,0
"09.08.2026 02:00",11.099,15.4,996.8,0.36,66.9,0,0
"09.08.2026 03:00",11.089,14.19,996.4,0.38,72.8,0,0
"09.08.2026 04:00",11.09,13.17,996,0.35,77.1,0,0
"09.08.2026 05:00",11.046,12.55,995.5,0.42,80.6,0,0
"09.08.2026 06:00",11.048,12.32,995.1,0.36,83,0,12.2
"09.08.2026 07:00",11.068,13.43,994.9,0.12,81.9,0,34.6
"09.08.2026 08:00",10.932,16.06,994.6,0.2,72.8,0,54.6
"09.08.2026 09:00",10.877,20.44,994.2,0.12,57.7,0,292.3
"09.08.2026 10:00",11.039,26.29,993.6,0.22,42.4,0,589.7
"09.08.2026 11:00",11.226,28.32,993.2,1.11,36.5,0,707.6
"09.08.2026 12:00",11.318,30.16,992.6,0.67,34.4,0,788.4
"09.08.2026 13:00",11.496,31.71,991.9,0.85,32.2,0,696.2
"09.08.2026 14:00",11.587,33.22,991.4,1.14,29.2,0,789.8
"09.08.2026 15:00",11.577,33.28,991.1,1.6,25.6,0,485.4
"09.08.2026 16:00",11.554,33.87,990.9,1.49,24.7,0,613.1
"09.08.2026 17:00",11.489,33.49,990.7,1.75,25.1,0,338.6
"09.08.2026 18:00",11.427,31.73,990.6,1.1,28.4,0,109.2
"09.08.2026 19:00",11.544,30.44,990.7,0.52,32.7,0,41.9
"09.08.2026 20:00",11.569,28.63,991,0.2,36.5,0,5.9
"09.08.2026 21:00",11.993,26.33,991.4,0.36,43.8,0,0
"09.08.2026 22:00",12.215,24.3,991.8,0.42,51.8,0,0
"09.08.2026 23:00",12.409,23.44,992,0.41,54.3,0,0
"10.08.2026 00:00",12.596,22.55,991.9,0.41,57,0,0
"10.08.2026 01:00",12.867,21.65,991.9,0.39,60.2,0,0
"10.08.2026 02:00",13.072,20.97,991.7,0.39,61.9,0,0
"10.08.2026 03:00",13.346,20.39,991.6,0.44,63.2,0,0
"10.08.2026 04:00",13.568,18.59,991.7,0.57,68.3,0,0
"10.08.2026 05:00",13.801,17.08,991.8,0.5,71.4,0,0
"10.08.2026 06:00",14.264,16.23,991.8,0.6,74,0,18.1
"10.08.2026 07:00",14.874,17.21,991.8,0.49,72.5,0,33.1
"10.08.2026 08:00",15.329,20.1,991.7,0.4,59.8,0,60.4
"10.08.2026 09:00",15.814,24.13,991.5,0.83,43.6,0,248.6
"10.08.2026 10:00",16.056,27.09,991.6,1.45,36.3,0,420.6
"10.08.2026 11:00",16.42,29.06,991.6,1.66,34.1,0,722.3
"10.08.2026 12:00",17.004,30.01,991.5,1.17,34,0,577
"10.08.2026 13:00",17.455,31.24,991.6,1.17,29.1,0,748
"10.08.2026 14:00",17.868,31.66,992,1.11,27.1,0,761.1
"10.08.2026 15:00",18.308,32.33,992.2,1.23,27.1,0,821.3
"10.08.2026 16:00",18.988,30.89,992.6,0.96,32.9,0,621
"10.08.2026 17:00",19.56,25.54,993.8,0.84,46.8,0,171.3
"10.08.2026 18:00",20.013,24.33,994.5,0.74,50.3,0,94.2
"10.08.2026 19:00",20.122,23.9,995,0.64,49.2,0,63.6
"10.08.2026 20:00",20.081,22.76,995.4,0.39,52.4,0,8.8
"10.08.2026 21:00",19.786,21.32,996.4,0.57,58.2,0,0
"10.08.2026 22:00",19.539,20.1,997.4,0.49,65.3,0,0
"10.08.2026 23:00",19.193,18.66,998.4,0.51,70.3,0,0
"11.08.2026 00:00",18.927,17.08,999,0.38,72.3,0,0
"11.08.2026 01:00",18.643,16.01,999.3,0.42,68.8,0,0
"11.08.2026 02:00",18.454,15.26,1000,0.42,71,0,0
"11.08.2026 03:00",18.237,13.89,1000.8,0.24,76.7,0,0
"11.08.2026 04:00",18.054,12.13,1001,0.38,83.6,0,0
"11.08.2026 05:00",17.869,11.03,1001,0.55,87.8,0,0
"11.08.2026 06:00",17.722,10.33,1002,0.46,90,0,9.4
"11.08.2026 07:00",17.501,11.54,1002,0.33,88.9,0,31
"11.08.2026 08:00",17.287,13.76,1002.5,0.35,81,0,42.5
"11.08.2026 09:00",16.929,16.4,1003,0.48,64.6,0,305.5
"11.08.2026 10:00",16.59,19.26,1003,0.57,52.4,0,631.6
"11.08.2026 11:00",16.114,20.27,1003,0.48,48.3,0,746.7
"11.08.2026 12:00",15.457,21.31,1003,0.29,44.2,0,817.5
"11.08.2026 13:00",14.816,22.44,1003,0.54,40.7,0,840.9
"11.08.2026 14:00",14.26,23.78,1003,0.38,37.4,0,809.8
"11.08.2026 15:00",13.749,24.81,1002.4,0.33,35.3,0,739.2
"11.08.2026 16:00",13.032,24.9,1002,0.43,34.5,0,625.3
"11.08.2026 17:00",12.39,24.37,1002,0.61,34.5,0,310.4
"11.08.2026 18:00",11.872,22.73,1002,0.61,36,0,51.7
"11.08.2026 19:00",11.55,21.86,1002,0.6,38.7,0,30.2
"11.08.2026 20:00",11.395,20.46,1002.1,0.5,43.9,0,6.1
"11.08.2026 21:00",11.31,18.02,1003,0.6,51.8,0,0
"11.08.2026 22:00",11.427,15.64,1003.5,0.55,61.1,0,0
"11.08.2026 23:00",11.498,13.81,1004,0.39,68.6,0,0
"12.08.2026 00:00",11.544,12.81,1004,0.45,72.6,0,0
"12.08.2026 01:00",11.562,11.63,1004.6,0.47,77.2,0,0
"12.08.2026 02:00",11.547,10.71,1004.8,0.48,80.6,0,0
"12.08.2026 03:00",11.495,10.19,1005,0.5,82.3,0,0
"12.08.2026 04:00",11.513,9.44,1005,0.49,84.8,0,0
"12.08.2026 05:00",11.496,8.7,1005,0.54,87.4,0,0
"12.08.2026 06:00",11.348,8.42,1005,0.49,88.7,0,8.6
"12.08.2026 07:00",11.309,9.83,1005,0.22,87.4,0,30.3
"12.08.2026 08:00",11.429,12.12,1005,0.2,80,0,43.3
"12.08.2026 09:00",11.682,15.46,1005,0.14,66.5,0,293.4
"12.08.2026 10:00",12.075,20.54,1005,0.31,50.5,0,615.1
"12.08.2026 11:00",12.26,23.21,1005,0.53,38.5,0,737
"12.08.2026 12:00",12.381,24.33,1005,0.68,34.9,0,807
"12.08.2026 13:00",12.575,25.62,1004.8,0.74,30.4,0,826.6
"12.08.2026 14:00",12.778,26.64,1004,0.87,27.2,0,797
"12.08.2026 15:00",12.966,27.58,1004,0.64,25.8,0,694.8
"12.08.2026 16:00",13.138,27.79,1004,0.67,26.6,0,509.2
"12.08.2026 17:00",13.338,27.51,1004,0.84,27.9,0,280.2
"12.08.2026 18:00",13.741,26.34,1003.3,0.85,29.7,0,61
"12.08.2026 19:00",14.173,25.52,1003.1,0.58,31.7,0,26.2
"12.08.2026 20:00",14.652,22.57,1003.8,0.6,39.3,0,0
"12.08.2026 21:00",14.831,21.35,1004,0.89,37.7,0,0
"12.08.2026 22:00",15.078,19.75,1004,0.82,40.8,0,0
"12.08.2026 23:00",15.567,19.27,1004.5,0.84,40.5,0,0
"13.08.2026 00:00",15.969,18.25,1005,0.54,44.6,0,0
"13.08.2026 01:00",16.224,14.83,1004.6,0.26,57.2,0,0
"13.08.2026 02:00",16.365,13.36,1004,0.42,63.9,0,0
"13.08.2026 03:00",16.528,12.57,1004,0.43,67.8,0,0
"13.08.2026 04:00",16.596,11.42,1004,0.43,73.4,0,0
"13.08.2026 05:00",16.701,10.73,1004,0.38,76.9,0,0
"13.08.2026 06:00",16.829,10.52,1004,0.44,80.2,0,8.2
"13.08.2026 07:00",16.92,11.59,1004,0.2,78.2,0,30.3
"13.08.2026 08:00",17.3,14.16,1004.1,0.26,66.3,0,44.4
"13.08.2026 09:00",17.53,18.21,1004,0.25,52.9,0,287.9
"13.08.2026 10:00",17.802,24.71,1004,0.26,37.6,0,607.6
"13.08.2026 11:00",17.993,27.52,1004,0.41,30,0,726.8
"13.08.2026 12:00",18.142,28.46,1003.3,0.63,27.1,0,800.6
"13.08.2026 13:00",18.227,30.18,1003,0.44,22.6,0,824.3
"13.08.2026 14:00",18.226,31.1,1002.6,0.47,18.7,0,806.2
"13.08.2026 15:00",18.34,31.91,1002,0.61,19.9,0,729
"13.08.2026 16:00",18.716,32.03,1001.5,1.03,21.1,0,611.7
"13.08.2026 17:00",19.08,31.39,1001,1.09,21.3,0,290.9
"13.08.2026 18:00",19.278,29.94,1001,1.03,22.3,0,47.9
"13.08.2026 19:00",19.636,28.92,1000.1,0.84,23.5,0,26.7
"13.08.2026 20:00",19.978,26.9,1000.1,0.68,27,0,4.3
"13.08.2026 21:00",20.274,25.67,1000.7,1.25,27.5,0,0
"13.08.2026 22:00",20.331,24.93,1000,1.03,27.9,0,0
"13.08.2026 23:00",20.364,21.17,1000.3,0.32,39.4,0,0
"14.08.2026 00:00",20.218,18.54,1000,0.52,46.6,0,0
"14.08.2026 01:00",20.246,17.14,1000,0.46,51.3,0,0
"14.08.2026 02:00",20.315,15.71,999.8,0.39,56.6,0,0
"14.08.2026 03:00",20.366,14.77,999,0.42,60.1,0,0
"14.08.2026 04:00",20.461,14.05,999,0.46,63,0,0
"14.08.2026 05:00",20.505,13.18,999,0.48,68,0,0
"14.08.2026 06:00",20.632,12.74,999,0.44,71,0,8
"14.08.2026 07:00",20.75,13.73,998.9,0.24,70.2,0,31
"14.08.2026 08:00",20.8,16.53,998.8,0.21,58.3,0,45.2
"14.08.2026 09:00",20.91,20.82,998.4,0.21,48.1,0,268
"14.08.2026 10:00",20.991,27.15,997.8,0.44,34.9,0,590.5
"14.08.2026 11:00",21.301,30.37,997.3,0.69,27.3,0,718.7
"14.08.2026 12:00",21.801,32.08,996.8,0.88,23.1,0,769.6
"14.08.2026 13:00",22.098,33.64,996.2,1.08,20.7,0,821.1
"14.08.2026 14:00",22.382,34.86,995.5,0.63,20,0,794.2
"14.08.2026 15:00",22.435,35.77,995,0.7,18.8,0,719.8
"14.08.2026 16:00",22.11,36.26,994.3,0.36,17.9,0,602.6
"14.08.2026 17:00",21.764,35.51,993.7,0.34,18.4,0,251.2
"14.08.2026 18:00",21.379,33.73,993.3,0.21,19.9,0,47.5
"14.08.2026 19:00",21.082,32.27,992.8,0.2,23.5,0,29.8
"14.08.2026 20:00",20.678,28.48,992.7,0.7,33.3,0,5.7
"14.08.2026 21:00",20.478,25.44,992.9,0.7,38.1,0,0
"14.08.2026 22:00",20.351,22.26,993.1,0.53,46.3,0,0
"14.08.2026 23:00",20.173,20.46,993.2,0.52,50.9,0,0
"15.08.2026 00:00",20.292,19.37,993.1,0.52,54.1,0,0
"15.08.2026 01:00",20.795,18.41,993.2,0.49,57.3,0,0
"15.08.2026 02:00",21.759,17.7,993,0.48,59.5,0,0
"15.08.2026 03:00",21.973,16.59,992.7,0.38,63.8,0,0
"15.08.2026 04:00",22.088,16.12,992.5,0.44,65.3,0,0
"15.08.2026 05:00",22.242,15.63,992.5,0.46,67.2,0,0
"15.08.2026 06:00",22.227,15.33,992.6,0.51,68.5,0,7.1
"15.08.2026 07:00",22.072,15.94,992.6,0.3,69.5,0,31.5
"15.08.2026 08:00",21.727,18.66,992.7,0.26,61.2,0,50.2
"15.08.2026 09:00",21.369,23.73,992.6,0.32,42.2,0,260.2
"15.08.2026 10:00",21.116,29.51,992.3,0.29,32.1,0,564.1
"15.08.2026 11:00",20.98,31.28,992.1,0.52,30.7,0,668.6
"15.08.2026 12:00",20.807,32.96,992.2,0.48,27.1,0,688
"15.08.2026 13:00",21.231,33.7,992.2,0.79,27.8,0,746.1
"15.08.2026 14:00",21.404,33.65,992.1,0.85,25.7,0,619
"15.08.2026 15:00",21.665,32.89,991.8,0.55,27.9,0,345.1
"15.08.2026 16:00",22.127,31.26,991.8,0.78,33.5,0,256.3
"15.08.2026 17:00",22.407,30.53,991.9,0.79,35.8,0,159.4
"15.08.2026 18:00",22.571,28.79,992.1,0.81,39.1,0,89.9
"15.08.2026 19:00",22.273,26.79,992.3,0.59,44.1,0,44.3
"15.08.2026 20:00",21.845,25.25,992.3,0.5,49.6,0,3.6
"15.08.2026 21:00",21.549,23.98,992.7,0.3,57.7,0,0
"15.08.2026 22:00",21.419,22.71,992.9,0.24,65.7,0,0
"15.08.2026 23:00",21.128,21.35,992.8,0.29,69.7,0,0
"16.08.2026 00:00",20.829,20.06,993.1,0.26,77.1,0,0
"16.08.2026 01:00",20.117,19.45,993.7,0.26,81.8,0,0
"16.08.2026 02:00",19.1,19.46,993.8,0.47,86.1,0,0
"16.08.2026 03:00",18.834,18.56,993.8,0.53,84.4,0,0
"16.08.2026 04:00",18.529,17.64,994.4,0.46,81.2,0,0
"16.08.2026 05:00",18.185,17.05,993.9,0.39,81.8,0,0
"16.08.2026 06:00",17.769,16.37,993.9,0.4,84.1,0,4.6
"16.08.2026 07:00",17.306,16.14,993.8,0.41,85.3,0,40.9
"16.08.2026 08:00",16.762,17.05,994.1,0.67,81.2,0,88.6
"16.08.2026 09:00",16.308,18.53,994.1,0.73,75.4,0,247.3
"16.08.2026 10:00",15.76,21.36,994.2,0.76,65.5,0,507.1
"16.08.2026 11:00",15.13,23.34,994.2,0.79,58.8,0,630.1
"16.08.2026 12:00",14.418,24.09,993.9,1.05,56.1,0,658.1
"16.08.2026 13:00",13.404,25.74,993.7,0.83,51.2,0,745.3
"16.08.2026 14:00",12.692,27,993.4,0.58,47,0,712.3
"16.08.2026 15:00",11.964,27.92,993.1,0.57,44.4,0,599
"16.08.2026 16:00",11.132,27.92,992.7,0.65,45,0,436.5
"16.08.2026 17:00",10.471,26.64,992.6,0.6,47.7,0,220.2
"16.08.2026 18:00",9.965,25.6,992.3,0.55,49.7,0,92.6
"16.08.2026 19:00",9.657,24.15,992.1,0.51,53.6,0,36.6
"16.08.2026 20:00",9.418,22.88,992.3,0.39,56.9,0,3.2
"16.08.2026 21:00",9.19,21.73,992.7,0.31,58.1,0,0
"16.08.2026 22:00",8.92,20.59,992.6,0.25,62.5,0,0
"16.08.2026 23:00",8.772,19.11,992.4,0.32,69.1,0,0
"17.08.2026 00:00",8.592,17.5,992.4,0.44,74.9,0,0
"17.08.2026 01:00",8.389,16.59,992.4,0.47,77.5,0,0
"17.08.2026 02:00",8.121,15.47,992.3,0.46,80.8,0,0
"17.08.2026 03:00",7.863,14.4,992,0.48,83.8,0,0
"17.08.2026 04:00",7.84,13.53,991.5,0.45,86.4,0,0
"17.08.2026 05:00",7.794,12.87,991.3,0.44,88.6,0,0
"17.08.2026 06:00",7.93,13.06,991.2,0.46,88.9,0,15.6
"17.08.2026 07:00",8.105,14.17,991.4,0.34,86.2,0,20.7
"17.08.2026 08:00",8.274,15.41,991.6,0.22,82.3,0,37.4
"17.08.2026 09:00",8.676,16.31,991.9,0.32,79.1,0,54.5
"17.08.2026 10:00",9.089,17.55,991.9,0.63,73.5,0,161.1
"17.08.2026 11:00",9.502,18.17,992,0.54,71.3,0,123.7
"17.08.2026 12:00",9.791,18.19,992,0.43,68.7,2,139.9
"17.08.2026 13:00",10.141,17.13,992,0.46,76.7,15,56.6
"17.08.2026 14:00",10.537,17.58,992,0.39,72.1,0,97.7
"17.08.2026 15:00",10.748,17.81,992.2,0.77,71.9,0,75
"17.08.2026 16:00",11.006,17.47,992.1,0.96,76,0,69.5
"17.08.2026 17:00",11.135,17.61,992.1,0.53,75.7,0,61.7
"17.08.2026 18:00",11.146,17.23,992,0.27,79.7,0,76.5
"17.08.2026 19:00",11.059,17.77,991.8,0.61,73.8,0,50.1
"17.08.2026 20:00",11.095,16.85,992,0.25,80.9,32,1.7
"17.08.2026 21:00",11.155,15.43,992.4,0.25,93,0,0
"17.08.2026 22:00",11.132,15.27,992.4,0.27,95.4,0,0
"17.08.2026 23:00",11.089,14.99,992.4,0.27,96.4,0,0
"18.08.2026 00:00",11.066,14.81,992.6,0.25,97.1,0,0
"18.08.2026 01:00",11.068,14.4,992.3,0.31,97.4,0,0
"18.08.2026 02:00",11.145,13.83,992,0.35,98,0,0
"18.08.2026 03:00",11.387,13.75,991.7,0.37,98.3,0,0
"18.08.2026 04:00",11.576,13.56,991.3,0.38,98.5,0,0
"18.08.2026 05:00",11.962,13.6,990.9,0.5,98.8,0,0
"18.08.2026 06:00",12.206,13.85,990.5,0.23,99.1,0,6.8
"18.08.2026 07:00",12.456,14.18,990.4,0.3,99,0,21.1
"18.08.2026 08:00",12.649,14.43,990,0.17,98.8,25,36
"18.08.2026 09:00",12.433,14.79,989.7,0.38,98.1,33,83.4
"18.08.2026 10:00",12.118,15.41,989.3,0.31,96.7,48,127.8
"18.08.2026 11:00",11.845,15.9,989,0.67,94.3,49,154.4
"18.08.2026 12:00",11.736,16.15,988.7,0.43,93.3,41,90.9
"18.08.2026 13:00",11.358,16.18,988.1,0.67,93.5,53,106.5
"18.08.2026 14:00",10.876,15.8,987.7,0.44,95.3,60,57.2
"18.08.2026 15:00",10.595,15.65,987,0.5,97.5,60,101.3
"18.08.2026 16:00",10.233,16.06,986.4,0.5,97.6,35,89.7
"18.08.2026 17:00",10.107,16.64,986.1,0.57,98.3,26,59.4
"18.08.2026 18:00",10.183,17.09,985.8,0.58,98.7,30,22.9
"18.08.2026 19:00",10.307,17.28,985.9,0.3,99,44,8.9
"18.08.2026 20:00",10.334,17.04,986.3,0.27,98.8,6,1.7
"18.08.2026 21:00",10.372,16.84,986.7,0.16,98.9,0,0
"18.08.2026 22:00",10.674,16.71,986.8,0.15,99.3,0,0
"18.08.2026 23:00",11.099,16.44,986.9,0.36,99.4,0,0
"19.08.2026 00:00",11.601,16.6,987.1,0.57,99.6,0,0
"19.08.2026 01:00",12.169,16.65,987.3,0.49,99.2,0,0
"19.08.2026 02:00",12.624,16.43,987,0.4,99.3,0,0
"19.08.2026 03:00",13,16.33,986.9,0.26,99.3,0,0
"19.08.2026 04:00",13.372,16.2,986.4,0.15,99.4,0,0
"19.08.2026 05:00",13.505,16.27,986.2,0.33,99.1,0,0
"19.08.2026 06:00",13.532,16.24,985.8,0.16,99,0,6.3
"19.08.2026 07:00",13.443,16.47,985.6,0.21,98.2,7,24.2
"19.08.2026 08:00",13.553,16.55,985.3,0.13,98,35,16.6
"19.08.2026 09:00",13.497,16,985.1,0.23,98.1,15,49.7
"19.08.2026 10:00",13.292,16.5,984.7,0.28,98,0,115.4
"19.08.2026 11:00",13.217,18.22,984.4,0.48,97.2,7,193.3
"19.08.2026 12:00",13.167,19.45,983.9,1.22,89.9,11,206.9
"19.08.2026 13:00",13.252,20.19,983.9,1.39,80.6,0,168.5
"19.08.2026 14:00",13.408,20.65,983.6,1.1,78.1,15,161.4
"19.08.2026 15:00",13.512,20.62,983.4,1.1,78.7,28,237.9
"19.08.2026 16:00",13.825,21.82,983.1,1.01,63.3,1,216.9
"19.08.2026 17:00",14.091,21.41,982.9,0.45,63.5,5,92.8
"19.08.2026 18:00",14.199,20.07,982.4,0.15,74.5,31,31.6
"19.08.2026 19:00",14.295,18.2,981.8,0.33,87.2,33,2.7
"19.08.2026 20:00",14.458,16.83,981.8,0.31,94.6,53,0.3
"19.08.2026 21:00",14.523,16.28,982.2,0.14,96.9,60,0
"19.08.2026 22:00",14.351,15.98,981.4,0.15,98,33,0
"19.08.2026 23:00",14.101,15.98,982.2,0.25,98.7,22,0
"20.08.2026 00:00",13.795,15.93,982.3,0.11,99.1,3,0
"20.08.2026 01:00",13.514,16.03,982.9,0.06,99.3,43,0
"20.08.2026 02:00",13.19,15.97,982.8,0.1,99.5,33,0
"20.08.2026 03:00",12.772,15.74,983.1,0.2,99.5,0,0
"20.08.2026 04:00",12.376,15.43,983.9,0.19,99.7,0,0
"20.08.2026 05:00",12.106,15.39,984.4,0.1,99.8,0,0
"20.08.2026 06:00",11.937,15.29,984.8,0.07,99.9,0,2.2
"20.08.2026 07:00",11.879,15.35,985.3,0.15,99.9,7,24.5
"20.08.2026 08:00",11.78,15.85,985.8,0.63,99.6,0,79
"20.08.2026 09:00",11.829,16.82,986,0.48,97.9,0,248.8
"20.08.2026 10:00",11.851,18.58,986.1,1.06,82.8,0,391.6
"20.08.2026 11:00",11.696,20.68,986.1,1.35,67,0,611.6
"20.08.2026 12:00",11.673,21.32,986,1.51,62.3,0,346.1
"20.08.2026 13:00",11.679,21.45,985.9,1.17,60.1,0,248.7
"20.08.2026 14:00",11.6,23.44,985.9,1.72,51.1,0,643.9
"20.08.2026 15:00",11.505,24.79,985.7,1.71,44.3,0,611.9
"20.08.2026 16:00",11.295,24.8,985.6,1.76,42.9,0,479.4
"20.08.2026 17:00",11.033,23.8,985.5,1.94,45.5,0,199.6
"20.08.2026 18:00",10.792,23.15,985.3,1.61,45.2,0,79.6
"20.08.2026 19:00",10.619,22.38,985.3,0.97,47,0,32.6
"20.08.2026 20:00",10.526,20.23,985.8,0.31,59.5,0,0.7
"20.08.2026 21:00",10.462,18.75,986.7,0.46,69.4,0,0
"20.08.2026 22:00",10.397,18.22,987.1,0.18,72,5,0
"20.08.2026 23:00",10.22,18.04,987,0.38,66.8,0,0
"21.08.2026 00:00",9.998,16.3,987.1,0.2,75,0,0
"21.08.2026 01:00",9.741,14.92,987.2,0.58,82.8,0,0
"21.08.2026 02:00",9.529,14.84,987.1,0.5,84.5,0,0
"21.08.2026 03:00",9.373,14.31,987.4,0.57,87.2,0,0
"21.08.2026 04:00",9.19,13.25,987.6,0.65,91.2,0,0
"21.08.2026 05:00",8.966,12.49,987.7,0.52,93.2,0,0
"21.08.2026 06:00",8.711,12.06,987.9,0.55,94.6,0,11.3
"21.08.2026 07:00",8.456,13.62,987.8,0.36,93.7,0,64
"21.08.2026 08:00",8.089,16.08,988,0.65,80.8,0,108.4
"21.08.2026 09:00",7.865,18.46,988,0.9,69.7,0,313.7
"21.08.2026 10:00",7.82,20.67,988.3,1.22,57.5,0,518
"21.08.2026 11:00",7.826,21.31,988.4,0.55,53.8,0,434.2
"21.08.2026 12:00",7.825,22.15,988.2,0.45,52.6,0,394.6
"21.08.2026 13:00",7.847,22.06,987.8,0.4,52.8,0,261.5
"21.08.2026 14:00",7.835,22.07,987.7,0.51,51.6,0,227.6
"21.08.2026 15:00",7.842,22.33,987.5,0.34,50.7,0,202.4
"21.08.2026 16:00",7.822,21.84,987.6,0.36,53.5,0,145.5
"21.08.2026 17:00",7.789,21.44,987.5,0.32,54.6,0,97.8
"21.08.2026 18:00",7.818,20.92,987.5,0.35,56.3,0,64.1
"21.08.2026 19:00",7.843,20.07,987.7,0.3,61.9,0,29.8
"21.08.2026 20:00",7.799,18.32,987.9,0.46,72.4,0,2.4
"21.08.2026 21:00",7.773,17.17,988.5,0.37,78.8,0,0
"21.08.2026 22:00",7.775,16.04,988.8,0.33,84.3,0,0
"21.08.2026 23:00",7.938,15.8,989.1,0.17,85.2,0,0
"22.08.2026 00:00",8.124,15.71,989.3,0.33,85.5,0,0
"22.08.2026 01:00",8.23,15.47,989.4,0.29,86,0,0
"22.08.2026 02:00",8.311,15.5,989.7,0.28,87.9,43,0
"22.08.2026 03:00",8.41,15.01,989.9,0.29,92.7,59,0
"22.08.2026 04:00",8.375,14.17,990.2,0.3,93.9,60,0
"22.08.2026 05:00",8.366,13.88,990.7,0.18,95.7,60,0
"22.08.2026 06:00",8.393,13.71,991.2,0.19,96.7,60,0.8
"22.08.2026 07:00",8.346,13.58,991.8,0.1,97.4,12,33.6
"22.08.2026 08:00",8.353,13.69,992.3,0.31,96.9,0,75.4
"22.08.2026 09:00",8.345,14.36,993,0.34,94.9,0,186.2
"22.08.2026 10:00",8.319,15.99,993.3,0.6,81.9,4,219.2
"22.08.2026 11:00",8.288,16.44,994,0.67,77.3,0,248.4
"22.08.2026 12:00",8.173,18.07,994.3,0.86,64.6,0,261.3
"22.08.2026 13:00",8.046,19.99,994.5,0.68,54.8,0,744.6
"22.08.2026 14:00",7.947,21.57,994.7,0.75,46.4,0,652.3
"22.08.2026 15:00",7.892,21.73,994.9,1,44.7,0,622.5
"22.08.2026 16:00",7.83,21.53,995.3,1.08,42.8,0,344.8
"22.08.2026 17:00",7.845,19.43,995.9,0.69,51.1,0,82
"22.08.2026 18:00",7.83,19.85,996,0.83,48.3,0,67.4
"22.08.2026 19:00",7.851,18.97,996.4,0.67,51.1,0,29.3
"22.08.2026 20:00",7.919,17.73,997,0.28,57.4,0,2.8
"22.08.2026 21:00",7.954,16.6,997.8,0.05,63.2,0,0
"22.08.2026 22:00",7.937,15.89,998.3,0.28,68,0,0
"22.08.2026 23:00",7.817,14.46,998.7,0.36,76.3,0,0
"23.08.2026 00:00",7.686,13.21,999,0.33,83,0,0
"23.08.2026 01:00",7.588,12.28,999,0.43,87,0,0
"23.08.2026 02:00",7.511,11.35,999,0.47,90.2,0,0
"23.08.2026 03:00",7.423,10.66,999,0.36,92.7,0,0
"23.08.2026 04:00",7.452,10.66,999.3,0.26,94.3,0,0
"23.08.2026 05:00",7.479,11.48,999.2,0.33,91.9,0,0.1
"23.08.2026 06:00",7.449,12,999.8,0.28,89.8,0,6.6
"23.08.2026 07:00",7.482,12.61,1000.1,0.72,87,0,36.9
"23.08.2026 08:00",7.561,13.4,1001,0.41,83.2,0,88.9
"23.08.2026 09:00",7.66,14.32,1001,0.53,78.7,0,180.6
"23.08.2026 10:00",7.832,16.12,1001,0.63,69.9,0,395.7
"23.08.2026 11:00",7.993,16.67,1000.8,0.56,62.5,0,224.9
"23.08.2026 12:00",8.207,16.85,1000.9,0.68,60.8,0,268.1
"23.08.2026 13:00",8.307,17.48,1001,0.64,56.2,0,291.3
"23.08.2026 14:00",8.309,18.04,1000.9,0.38,53.3,0,262.4
"23.08.2026 15:00",8.297,19.02,1000.1,0.74,49.6,0,397.3
"23.08.2026 16:00",8.314,18.69,1000,0.95,51.9,0,291.3
"23.08.2026 17:00",8.218,18.77,1000,0.53,50.1,0,150
"23.08.2026 18:00",8.127,18.42,1000,0.4,51.5,0,68.6
"23.08.2026 19:00",8.007,17.24,1000,0.32,57,0,20.3
"23.08.2026 20:00",7.858,15.18,1000,0.45,68.8,0,1.2
"23.08.2026 21:00",7.74,13.18,1000,0.47,79.5,0,0
"23.08.2026 22:00",7.686,12.15,1000.5,0.5,84.3,0,0
"23.08.2026 23:00",7.704,10.87,1000.9,0.52,88.9,0,0
"24.08.2026 00:00",7.688,9.93,1001,0.51,91.2,0,0
"24.08.2026 01:00",7.67,9.1,1001,0.53,93.2,0,0
"24.08.2026 02:00",7.666,8.67,1001,0.48,94.4,0,0
"24.08.2026 03:00",7.644,8.53,1001,0.45,94.6,0,0
"24.08.2026 04:00",7.597,7.92,1001,0.5,95.5,0,0
"24.08.2026 05:00",7.582,7.56,1001,0.49,96.4,0,0
"24.08.2026 06:00",7.584,7.84,1001,0.44,96.6,0,3.6
"24.08.2026 07:00",7.597,8.16,1001,0.21,96.9,0,23.6
"24.08.2026 08:00",7.551,9.96,1001,0.19,96.2,0,64.5
"24.08.2026 09:00",7.498,13.16,1001,0.3,85.6,0,235
"24.08.2026 10:00",7.436,16.36,1001,0.54,70.4,0,297.3
"24.08.2026 11:00",7.289,16.85,1001,0.45,63.1,0,268
"24.08.2026 12:00",7.128,17.65,1000.8,0.52,58.3,0,307.8
"24.08.2026 13:00",7.056,18.82,1000.1,0.46,54.3,0,681.5
"24.08.2026 14:00",7.006,21.14,999.6,0.43,47.4,0,801.4
"24.08.2026 15:00",7.01,21.77,999,0.73,44.8,0,707.3
"24.08.2026 16:00",6.984,22.32,998.8,0.65,43.9,0,514.9
"24.08.2026 17:00",7.117,20.65,998.2,0.94,47.3,0,146
"24.08.2026 18:00",7.226,19.75,997.5,0.59,50.2,0,89.2
"24.08.2026 19:00",7.301,18.88,997,0.39,54.4,0,40.6
"24.08.2026 20:00",7.336,17.32,996.8,0.2,59.4,0,3
"24.08.2026 21:00",7.334,15.01,996.9,0.2,69.8,0,0
"24.08.2026 22:00",7.371,13.92,997,0.27,74.5,0,0
"24.08.2026 23:00",7.392,12.87,996.8,0.28,79.4,0,0
"25.08.2026 00:00",7.461,12.04,996.2,0.32,83.6,0,0
"25.08.2026 01:00",7.616,12.65,995.7,0.29,80.4,0,0
"25.08.2026 02:00",7.697,11.33,995.1,0.25,85.6,0,0
"25.08.2026 03:00",7.799,10.72,994.8,0.31,89.7,0,0
"25.08.2026 04:00",7.874,11.38,994.3,0.48,85.1,0,0
"25.08.2026 05:00",7.916,9.95,994.4,0.22,89.8,0,0
"25.08.2026 06:00",7.945,9.21,994.3,0.28,93.7,0,3.4
"25.08.2026 07:00",7.985,10.92,994,0.37,92.9,0,24.8
"25.08.2026 08:00",7.933,14.95,994.1,0.75,76,0,47.2
"25.08.2026 09:00",7.911,17.27,993.9,1.28,66.1,0,205
"25.08.2026 10:00",7.924,19.68,994,1.42,57.3,0,505.9
"25.08.2026 11:00",8.127,21.09,994,1.33,51.4,0,376.7
"25.08.2026 12:00",8.28,21.6,993.8,1.29,46.2,0,327.5
"25.08.2026 13:00",8.483,23.34,993.4,0.95,41.1,0,684.1
"25.08.2026 14:00",8.718,24.46,993.1,1.2,38.2,0,733.8
"25.08.2026 15:00",8.896,24.36,992.9,1.06,37.8,0,363.5
"25.08.2026 16:00",9.12,24.08,993,0.62,37.9,0,205.6
"25.08.2026 17:00",9.199,23.53,993.2,0.47,39.4,0,89.6
"25.08.2026 18:00",9.359,22.61,993.3,0.25,43.2,0,39.9
"25.08.2026 19:00",9.629,21.15,993.5,0.22,51.4,0,13.2
"25.08.2026 20:00",9.853,19.86,993.9,0.39,56.6,0,0.1
"25.08.2026 21:00",10.069,18.81,994.4,0.43,63.2,0,0
"25.08.2026 22:00",10.226,18.19,994.8,0.36,66.1,0,0
"25.08.2026 23:00",10.356,17.49,995.3,0.25,72.7,51,0
"26.08.2026 00:00",10.444,15.64,995.3,0.39,90.8,9,0
"26.08.2026 01:00",10.381,15.17,995.2,0.29,93.9,6,0
"26.08.2026 02:00",10.412,14.97,994.9,0.21,95.4,51,0
"26.08.2026 03:00",10.397,14.65,995.3,0.16,96.4,60,0
"26.08.2026 04:00",10.461,14.42,995.4,0.28,97.2,34,0
"26.08.2026 05:00",10.527,14.09,995.6,0.25,97.7,0,0
"26.08.2026 06:00",10.575,13.67,995.4,0.24,97.8,0,3.5
"26.08.2026 07:00",10.594,13.89,995.6,0.88,95.1,0,22.7
"26.08.2026 08:00",10.704,14.6,995.9,0.39,90.5,0,43.3
"26.08.2026 09:00",10.895,14.99,996,0.56,88.8,0,56.3
"26.08.2026 10:00",11.025,15.51,996.4,0.69,86.8,0,64.3
"26.08.2026 11:00",11.133,16.1,996.7,0.33,87.3,0,95.1
"26.08.2026 12:00",11.272,16.97,996.8,0.32,85.1,0,103.4
"26.08.2026 13:00",11.412,17.15,996.9,0.52,84.5,0,78.5
"26.08.2026 14:00",11.645,17.85,996.8,0.7,82.3,0,185.5
"26.08.2026 15:00",11.904,18.26,996.8,0.71,81,0,208
"26.08.2026 16:00",12.134,18.87,996.5,1.02,78.1,0,237.3
"26.08.2026 17:00",12.392,17.9,996.5,1.07,81.7,0,75.2
"26.08.2026 18:00",12.583,17.74,996.5,0.58,81.8,0,38.7
"26.08.2026 19:00",12.68,17.5,996.3,0.27,82.8,0,11.6
"26.08.2026 20:00",12.837,17.17,996.3,0.42,83.9,0,0.8
"26.08.2026 21:00",13.069,16.87,996.5,0.15,85.1,0,0
"26.08.2026 22:00",13.279,15.97,996.4,0.15,88.1,0,0
"26.08.2026 23:00",13.415,14.76,996.1,0.27,93.1,0,0
"27.08.2026 00:00",13.509,14.05,995.9,0.35,95.4,0,0
"27.08.2026 01:00",13.662,13.52,995.8,0.28,96.7,0,0
"27.08.2026 02:00",13.808,13.08,995.6,0.31,97.6,0,0
"27.08.2026 03:00",13.973,12.68,995.2,0.26,98.1,0,0
"27.08.2026 04:00",14.102,12.29,994.9,0.25,98.5,0,0
"27.08.2026 05:00",14.273,12.06,994.5,0.21,98.9,0,0
"27.08.2026 06:00",14.517,11.87,994.5,0.24,99.3,0,4.6
"27.08.2026 07:00",14.739,12.39,994.6,0.14,99.6,0,28.4
"27.08.2026 08:00",15.077,14.11,994.3,0.41,99.3,0,55.5
"27.08.2026 09:00",15.459,16.37,994.2,0.23,94.8,0,124.8
"27.08.2026 10:00",15.697,21.09,993.9,0.29,75.5,0,464.7
"27.08.2026 11:00",15.672,24.15,993.5,0.51,63,0,312.9
"27.08.2026 12:00",15.69,25.18,992.6,0.51,60.2,0,288.7
"27.08.2026 13:00",15.673,27.49,992.2,0.8,53.6,0,737.3
"27.08.2026 14:00",15.527,28.8,991.7,0.48,48.1,0,619.8
"27.08.2026 15:00",15.415,29.24,991.2,0.42,45.9,0,579.8
"27.08.2026 16:00",15.246,28.89,991.2,0.5,46.4,0,310.9
"27.08.2026 17:00",15.187,28.37,991,0.54,49.4,0,160.4
"27.08.2026 18:00",15.257,27.5,990.5,0.65,53.5,0,91.9
"27.08.2026 19:00",15.294,26.42,990.3,1.2,57.2,0,28.4
"27.08.2026 20:00",15.362,25.55,990,1.3,59.4,0,0.6
"27.08.2026 21:00",15.389,25.03,989.6,1.48,59.2,1,0
"27.08.2026 22:00",15.379,24.47,989.7,1.33,59.5,0,0
"27.08.2026 23:00",15.445,23.83,989.4,1.29,61.5,0,0
"28.08.2026 00:00",15.609,23.26,988.7,1.11,63.7,0,0
"28.08.2026 01:00",15.841,22.92,988,0.7,64.9,0,0
"28.08.2026 02:00",16.032,22.27,987.3,0.39,67.8,0,0
"28.08.2026 03:00",16.245,22.36,987.9,0.28,68,6,0
"28.08.2026 04:00",16.426,22.81,988.2,0.39,68,9,0.1
"28.08.2026 05:00",16.508,22.21,987.2,0.24,75.1,34,0
"28.08.2026 06:00",16.453,19.73,986.7,0.33,90.9,1,2.3
"28.08.2026 07:00",16.353,19.25,986.3,0.45,94.3,0,30.8
"28.08.2026 08:00",16.023,20.16,986.6,0.12,91.5,0,94.3
"28.08.2026 09:00",15.581,22.05,987.1,0.06,84,0,136.7
"28.08.2026 10:00",15.303,23.78,987.1,1.07,72.7,0,323.8
"28.08.2026 11:00",15.254,25.4,986.7,1.18,65.1,0,303.8
"28.08.2026 12:00",15.203,24.59,987.5,1.59,65.9,0,151.6
"28.08.2026 13:00",15.123,24.21,987.4,1.14,66.4,0,147.8
"28.08.2026 14:00",15.193,24.3,987.2,1.09,68,0,151.7
"28.08.2026 15:00",15.183,24.54,986.8,1.45,68,0,101.1
"28.08.2026 16:00",15.194,24.72,986.5,1.38,67.4,0,184.2
"28.08.2026 17:00",15.028,22.83,987,0.98,71,7,52.7
"28.08.2026 18:00",14.518,19.27,987.6,0.07,88.3,21,91.5
"28.08.2026 19:00",14.037,19.03,988,0.17,91.5,0,39.4
"28.08.2026 20:00",13.527,17.93,988,0.07,93.4,0,0.5
"28.08.2026 21:00",13.022,17.07,988.5,0.3,95.6,0,0
"28.08.2026 22:00",12.628,16.82,989,0.32,96.9,11,0
"28.08.2026 23:00",12.237,15.83,989.5,0.3,96.8,18,0
"29.08.2026 00:00",11.81,15.66,990.2,0.04,97.9,0,0
"29.08.2026 01:00",11.324,15.32,990.5,0.22,98.4,0,0
"29.08.2026 02:00",10.877,15.1,990.5,0.37,98.2,0,0
"29.08.2026 03:00",10.374,14.56,990.6,0.18,97.7,0,0
"29.08.2026 04:00",9.983,14.15,990.7,0.26,97.2,0,0
"29.08.2026 05:00",9.639,13.85,990.7,0.73,96.6,0,0
"29.08.2026 06:00",9.353,13.81,990.7,0.65,93.7,0,1.6
"29.08.2026 07:00",9.123,13.44,990.9,0.2,94.6,0,14
"29.08.2026 08:00",8.937,14.89,991,0.71,90,0,56.7
"29.08.2026 09:00",8.689,17.56,991.1,1.71,78.1,0,199.3
"29.08.2026 10:00",8.462,20.05,991.3,1.63,69.1,0,493.1
"29.08.2026 11:00",8.222,21.17,991.3,1.98,65.6,0,289.4
"29.08.2026 12:00",7.973,22.66,991,2.19,58.4,0,184.4
"29.08.2026 13:00",7.782,22.86,990.7,2.27,56.8,0,437.2
"29.08.2026 14:00",7.483,23.76,990.4,1.81,54.2,0,465.9
"29.08.2026 15:00",7.161,23.85,990.3,1.98,52.7,0,333.4
"29.08.2026 16:00",6.867,23.35,990.1,1.55,53.6,0,189.9
"29.08.2026 17:00",6.654,23.95,989.7,1.81,50.3,0,131.8
"29.08.2026 18:00",6.665,23.44,989.5,1.87,50.8,0,65.7
"29.08.2026 19:00",6.706,22.41,989.3,1.21,53.9,0,8.7
"29.08.2026 20:00",6.743,21.78,989.6,1.55,55.9,6,0.2
"29.08.2026 21:00",6.766,20.47,989.8,0.51,62.7,0,0
"29.08.2026 22:00",6.728,20.09,989.4,0.34,64.2,1,0
"29.08.2026 23:00",6.663,20.2,989,0.44,64.1,0,0
"30.08.2026 00:00",6.626,20.35,988.6,0.84,64.3,0,0
"30.08.2026 01:00",6.6,20.5,988.6,1.33,65.7,0,0
"30.08.2026 02:00",6.601,20.44,988.4,1.76,67.6,0,0
"30.08.2026 03:00",6.615,19.77,988.1,1.6,72,0,0
"30.08.2026 04:00",6.53,19.32,988,1.26,74.1,0,0
"30.08.2026 05:00",6.47,19.65,988,1.79,73.7,0,0
"30.08.2026 06:00",6.426,19.58,987.9,1.96,74.4,0,2.3
"30.08.2026 07:00",6.382,19.55,988.4,1.79,75.5,0,23.3
"30.08.2026 08:00",6.332,19.69,988.6,2.1,75.7,0,83.1
"30.08.2026 09:00",6.279,20.12,989,1.93,72.4,0,201.9
"30.08.2026 10:00",6.228,21.36,989.4,2.18,66.2,0,389.2
"30.08.2026 11:00",6.218,22.27,989.6,2.57,58.2,0,298.9
"30.08.2026 12:00",6.183,23.12,989.8,2.1,51.7,0,244.5
"30.08.2026 13:00",6.121,23.14,989.9,1.87,50.2,0,283.4
"30.08.2026 14:00",6.044,22.97,990.4,1.75,52.3,0,331.8
"30.08.2026 15:00",5.979,22.57,990.8,1.56,55,0,212.9
"30.08.2026 16:00",5.873,22.67,990.9,1.05,55.4,0,202.5
"30.08.2026 17:00",5.775,22.95,990.7,0.53,54.3,0,163.4
"30.08.2026 18:00",5.69,22.57,990.7,0.32,55.1,0,87.3
"30.08.2026 19:00",5.582,21.34,990.8,0.25,58.4,0,21.9
"30.08.2026 20:00",5.519,19.19,991.2,0.42,68.9,0,0
"30.08.2026 21:00",5.475,17.37,991.4,0.52,77.8,0,0
"30.08.2026 22:00",5.449,16.12,991.2,0.5,82.7,0,0
"30.08.2026 23:00",5.425,15.11,991.1,0.47,86.3,0,0
"31.08.2026 00:00",5.43,14.35,990.9,0.54,89.2,0,0
"31.08.2026 01:00",5.436,14.03,990.4,0.46,91.1,0,0
"31.08.2026 02:00",5.406,14.25,990.1,0.43,91.4,0,0
"31.08.2026 03:00",5.373,14.74,989.9,0.43,90.3,0,0
"31.08.2026 04:00",5.408,14.95,989.5,0.18,92,19,0
"31.08.2026 05:00",5.416,15.73,989.2,0.33,92.7,6,0
"31.08.2026 06:00",5.415,16.15,989.4,0.47,90.6,0,1.6
"31.08.2026 07:00",5.389,16.63,989.7,0.63,88.8,0,39.3
"31.08.2026 08:00",5.389,17.38,990.2,0.83,85.4,0,70
"31.08.2026 09:00",5.379,17.87,990.3,1.04,83.8,13,201
"31.08.2026 10:00",5.404,20.47,990.4,1.86,70.9,0,519.2
"31.08.2026 11:00",5.442,21.31,990.2,2.08,65.4,0,350.4
"31.08.2026 12:00",5.52,21.48,989.9,2.27,63,0,225.2
"31.08.2026 13:00",5.62,22.8,989.6,2.7,55.7,0,591.6
"31.08.2026 14:00",5.792,22.47,989.5,2.43,55.1,10,292.6
"31.08.2026 15:00",5.942,22.02,989.5,1.97,59.1,3,400.6
"31.08.2026 16:00",6.072,20.84,989.8,1.83,67.4,4,275.5
"31.08.2026 17:00",6.192,20.57,990.1,1.48,64.9,5,65.8
"31.08.2026 18:00",6.198,17.84,990.8,0.52,72.7,3,75.9
"31.08.2026 19:00",6.158,17.51,991.3,0.21,74.5,0,34.2
"31.08.2026 20:00",6.129,17.2,991.9,0.22,75.8,0,0.2
"31.08.2026 21:00",6.101,17.51,992.5,0.61,73.5,3,0
"31.08.2026 22:00",6.061,16.31,993.1,0.84,79.9,0,0
"31.08.2026 23:00",6.043,15.6,993.7,0.86,81.4,0,0
"01.09.2026 00:00",6.025,15.38,994.1,1.15,82,0,0
